place,obj,qte,emp
Local 0461,Bac sur roulettes Costco,1,INV
Local 0461,Banc tabouret rouge,0,INV
Local 0461,Base hamac couch� ,0,INV
Local 0461,Base hamac suspendu ,5,INV
Local 0461,Base hamac rond (ne pas utiliser) ,8,INV
Local 0461,Beach flag,0,INV
Local 0461,Beach flag 6' ,5,INV
Local 0461,Bean bag - chili,1,INV
Local 0461,Bean bag - tangerine,2,INV
Local 0461,Bean bag - charbon,1,INV
Local 0461,Bean bag - onyx,0,INV
Local 0461,Bean bag - bor�al,0,INV
Local 0461,Bean bag (cadet) - chili,0,INV
Local 0461,Bean bag (cadet)- tangerine,0,INV
Local 0461,Bean bag (cadet) - charbon,0,INV
Local 0461,Bean bag (cadet) - onyx,0,INV
Local 0461,Bean bag (cadet) - bor�al,0,INV
Local 0461,Bloc de bois,0,INV
Local 0461,Boa mobilier ext�rieur,1,INV
Local 0461,Cache-pot macram�,0,INV
Local 0461,"Canacadre - sur pied � 2 mats, 27x39 base ellipse",1,INV
Local 0461,Canacadre - petit de table,0,INV
Local 0461,Canacadre - 4 fen�tres,4,INV
Local 0461,Canacadre - 6 fen�tres,0,INV
Local 0461,Chaise Adirondack - jaune,0,INV
Local 0461,Chaise Adirondack - rouge,0,INV
Local 0461,Chaise Adirondack - grise,0,INV
Local 0461,Chaise Adirondack - bois (en stock),12,INV
Local 0461,Chaise longue - Nap et Up,0,INV
Local 0461,Chaise longue rouge ,0,INV
Local 0461,Concass� ,11,INV
Local 0461,Coussin,0,INV
Local 0461,Crochet pour plante - noir,0,INV
Local 0461,Foyers propane ,0,INV
Local 0461,Guirlande de lumi�res �lectriques ,4,INV
Local 0461,Hamac - suspendu,5,INV
Local 0461,Hamac - assis,0,INV
Local 0461,Hamac - couch� ,4,INV
Local 0461,Jardini�re,0,INV
Local 0461,Lampe,0,INV
Local 0461,Murale,0,INV
Local 0461,Plante artificielle - petite (Folia),1,INV
Local 0461,Plante artificielle - grande,3,INV
Local 0461,Plante naturelle - bac gris horizontal ,0,INV
Local 0461,Plante naturelle - bac noir horizontal ,0,INV
Local 0461,Plante naturelle - petite,0,INV
Local 0461,Plante naturelle - grande,0,INV
Local 0461,Pot twist grand - blanc,0,INV
Local 0461,Pot twist grand - or,0,INV
Local 0461,Pot twist grand - vert,0,INV
Local 0461,Pot twist moyen - rouge,1,INV
Local 0461,Pot twist moyen - orange ,0,INV
Local 0461,Pot twist moyen - or ,1,INV
Local 0461,Pot twist petit- rouge,0,INV
Local 0461,Pot twist petit- or,0,INV
Local 0461,Pot moyen rouge rond ,2,INV
Local 0461,Pot moyen bland rond ,0,INV
Local 0461,Pot moyen noir carr� ,2,INV
Local 0461,Pot moyen rouge carr� ,4,INV
Local 0461,Pot moyen gris carr� ,1,INV
Local 0461,Support � plante,0,INV
Local 0461,Table � pique-nique,0,INV
Local 0461,Table de travail r�tractable ,0,INV
Local 0461,Table de travail et banc rouge ,20,INV
Local 0461,Tableau � craie sandwich,1,INV
Local 0461,Tapis gazon- 13 pieds ,0,INV
Local 0461,Tapis gazon- 10 pieds,10,INV
Local 0461,Tapis gazon- 8 pieds ,1,INV
Local 0461,Tapis � bottes - petit,0,INV
Local 0461,Tapis � bottes - grand,4,INV
Local 0461,V�lo stationnaire,0,INV
Local 0461,Bean bag orange adulte tr�s sale,1,INV
Bois� de la sant�,Bac sur roulettes Costco,3,OUT
Bois� de la sant�,Banc tabouret rouge,0,OUT
Bois� de la sant�,Base hamac couch� ,0,OUT
Bois� de la sant�,Base hamac suspendu ,5,OUT
Bois� de la sant�,Base hamac rond (ne pas utiliser) ,0,OUT
Bois� de la sant�,Beach flag,0,OUT
Bois� de la sant�,Beach flag 6' ,0,OUT
Bois� de la sant�,Bean bag - chili,0,OUT
Bois� de la sant�,Bean bag - tangerine,0,OUT
Bois� de la sant�,Bean bag - charbon,0,OUT
Bois� de la sant�,Bean bag - onyx,0,OUT
Bois� de la sant�,Bean bag - bor�al,0,OUT
Bois� de la sant�,Bean bag (cadet) - chili,0,OUT
Bois� de la sant�,Bean bag (cadet)- tangerine,0,OUT
Bois� de la sant�,Bean bag (cadet) - charbon,0,OUT
Bois� de la sant�,Bean bag (cadet) - onyx,0,OUT
Bois� de la sant�,Bean bag (cadet) - bor�al,0,OUT
Bois� de la sant�,Bloc de bois,0,OUT
Bois� de la sant�,Boa mobilier ext�rieur,0,OUT
Bois� de la sant�,Cache-pot macram�,0,OUT
Bois� de la sant�,"Canacadre - sur pied � 2 mats, 27x39 base ellipse",0,OUT
Bois� de la sant�,Canacadre - petit de table,0,OUT
Bois� de la sant�,Canacadre - 4 fen�tres,0,OUT
Bois� de la sant�,Canacadre - 6 fen�tres,0,OUT
Bois� de la sant�,Chaise Adirondack - jaune,11,OUT
Bois� de la sant�,Chaise Adirondack - rouge,9,OUT
Bois� de la sant�,Chaise Adirondack - grise,13,OUT
Bois� de la sant�,Chaise Adirondack - bois (en stock),0,OUT
Bois� de la sant�,Chaise longue - Nap et Up,0,OUT
Bois� de la sant�,Chaise longue rouge ,0,OUT
Bois� de la sant�,Concass� ,0,OUT
Bois� de la sant�,Coussin,0,OUT
Bois� de la sant�,Crochet pour plante - noir,0,OUT
Bois� de la sant�,Foyers propane ,2,OUT
Bois� de la sant�,Guirlande de lumi�res �lectriques ,0,OUT
Bois� de la sant�,Hamac - suspendu,0,OUT
Bois� de la sant�,Hamac - assis,2,OUT
Bois� de la sant�,Hamac - couch� ,0,OUT
Bois� de la sant�,Jardini�re,0,OUT
Bois� de la sant�,Lampe,0,OUT
Bois� de la sant�,Murale,0,OUT
Bois� de la sant�,Plante artificielle - petite (Folia),0,OUT
Bois� de la sant�,Plante artificielle - grande,0,OUT
Bois� de la sant�,Plante naturelle - bac gris horizontal ,0,OUT
Bois� de la sant�,Plante naturelle - bac noir horizontal ,0,OUT
Bois� de la sant�,Plante naturelle - petite,0,OUT
Bois� de la sant�,Plante naturelle - grande,0,OUT
Bois� de la sant�,Pot twist grand - blanc,0,OUT
Bois� de la sant�,Pot twist grand - or,1,OUT
Bois� de la sant�,Pot twist grand - vert,0,OUT
Bois� de la sant�,Pot twist moyen - rouge,0,OUT
Bois� de la sant�,Pot twist moyen - orange ,0,OUT
Bois� de la sant�,Pot twist moyen - or ,0,OUT
Bois� de la sant�,Pot twist petit- rouge,0,OUT
Bois� de la sant�,Pot twist petit- or,0,OUT
Bois� de la sant�,Pot moyen rouge rond ,1,OUT
Bois� de la sant�,Pot moyen bland rond ,1,OUT
Bois� de la sant�,Pot moyen noir carr� ,0,OUT
Bois� de la sant�,Pot moyen rouge carr� ,0,OUT
Bois� de la sant�,Pot moyen gris carr� ,0,OUT
Bois� de la sant�,Support � plante,0,OUT
Bois� de la sant�,Table � pique-nique,9,OUT
Bois� de la sant�,Table de travail r�tractable ,0,OUT
Bois� de la sant�,Table de travail et banc rouge ,0,OUT
Bois� de la sant�,Tableau � craie sandwich,0,OUT
Bois� de la sant�,Tapis gazon- 13 pieds ,0,OUT
Bois� de la sant�,Tapis gazon- 10 pieds,0,OUT
Bois� de la sant�,Tapis gazon- 8 pieds ,0,OUT
Bois� de la sant�,Tapis � bottes - petit,0,OUT
Bois� de la sant�,Tapis � bottes - grand,0,OUT
Bois� de la sant�,V�lo stationnaire,0,OUT
Bois� de la sant�,Bean bag orange adulte tr�s sale,0,OUT
BNF - Maisonnettes,Bac sur roulettes Costco,0,OUT
BNF - Maisonnettes,Banc tabouret rouge,0,OUT
BNF - Maisonnettes,Base hamac couch� ,0,OUT
BNF - Maisonnettes,Base hamac suspendu ,0,OUT
BNF - Maisonnettes,Base hamac rond (ne pas utiliser) ,0,OUT
BNF - Maisonnettes,Beach flag,0,OUT
BNF - Maisonnettes,Beach flag 6' ,0,OUT
BNF - Maisonnettes,Bean bag - chili,0,OUT
BNF - Maisonnettes,Bean bag - tangerine,0,OUT
BNF - Maisonnettes,Bean bag - charbon,0,OUT
BNF - Maisonnettes,Bean bag - onyx,0,OUT
BNF - Maisonnettes,Bean bag - bor�al,0,OUT
BNF - Maisonnettes,Bean bag (cadet) - chili,0,OUT
BNF - Maisonnettes,Bean bag (cadet)- tangerine,0,OUT
BNF - Maisonnettes,Bean bag (cadet) - charbon,0,OUT
BNF - Maisonnettes,Bean bag (cadet) - onyx,0,OUT
BNF - Maisonnettes,Bean bag (cadet) - bor�al,0,OUT
BNF - Maisonnettes,Bloc de bois,0,OUT
BNF - Maisonnettes,Boa mobilier ext�rieur,0,OUT
BNF - Maisonnettes,Cache-pot macram�,0,OUT
BNF - Maisonnettes,"Canacadre - sur pied � 2 mats, 27x39 base ellipse",0,OUT
BNF - Maisonnettes,Canacadre - petit de table,0,OUT
BNF - Maisonnettes,Canacadre - 4 fen�tres,0,OUT
BNF - Maisonnettes,Canacadre - 6 fen�tres,0,OUT
BNF - Maisonnettes,Chaise Adirondack - jaune,0,OUT
BNF - Maisonnettes,Chaise Adirondack - rouge,0,OUT
BNF - Maisonnettes,Chaise Adirondack - grise,0,OUT
BNF - Maisonnettes,Chaise Adirondack - bois (en stock),0,OUT
BNF - Maisonnettes,Chaise longue - Nap et Up,0,OUT
BNF - Maisonnettes,Chaise longue rouge ,0,OUT
BNF - Maisonnettes,Concass� ,0,OUT
BNF - Maisonnettes,Coussin,0,OUT
BNF - Maisonnettes,Crochet pour plante - noir,0,OUT
BNF - Maisonnettes,Foyers propane ,0,OUT
BNF - Maisonnettes,Guirlande de lumi�res �lectriques ,0,OUT
BNF - Maisonnettes,Hamac - suspendu,0,OUT
BNF - Maisonnettes,Hamac - assis,0,OUT
BNF - Maisonnettes,Hamac - couch� ,0,OUT
BNF - Maisonnettes,Jardini�re,0,OUT
BNF - Maisonnettes,Lampe,0,OUT
BNF - Maisonnettes,Murale,0,OUT
BNF - Maisonnettes,Plante artificielle - petite (Folia),0,OUT
BNF - Maisonnettes,Plante artificielle - grande,0,OUT
BNF - Maisonnettes,Plante naturelle - bac gris horizontal ,0,OUT
BNF - Maisonnettes,Plante naturelle - bac noir horizontal ,0,OUT
BNF - Maisonnettes,Plante naturelle - petite,0,OUT
BNF - Maisonnettes,Plante naturelle - grande,0,OUT
BNF - Maisonnettes,Pot twist grand - blanc,0,OUT
BNF - Maisonnettes,Pot twist grand - or,0,OUT
BNF - Maisonnettes,Pot twist grand - vert,0,OUT
BNF - Maisonnettes,Pot twist moyen - rouge,0,OUT
BNF - Maisonnettes,Pot twist moyen - orange ,0,OUT
BNF - Maisonnettes,Pot twist moyen - or ,0,OUT
BNF - Maisonnettes,Pot twist petit- rouge,0,OUT
BNF - Maisonnettes,Pot twist petit- or,0,OUT
BNF - Maisonnettes,Pot moyen rouge rond ,0,OUT
BNF - Maisonnettes,Pot moyen bland rond ,0,OUT
BNF - Maisonnettes,Pot moyen noir carr� ,0,OUT
BNF - Maisonnettes,Pot moyen rouge carr� ,0,OUT
BNF - Maisonnettes,Pot moyen gris carr� ,0,OUT
BNF - Maisonnettes,Support � plante,0,OUT
BNF - Maisonnettes,Table � pique-nique,0,OUT
BNF - Maisonnettes,Table de travail r�tractable ,0,OUT
BNF - Maisonnettes,Table de travail et banc rouge ,0,OUT
BNF - Maisonnettes,Tableau � craie sandwich,0,OUT
BNF - Maisonnettes,Tapis gazon- 13 pieds ,0,OUT
BNF - Maisonnettes,Tapis gazon- 10 pieds,4,OUT
BNF - Maisonnettes,Tapis gazon- 8 pieds ,0,OUT
BNF - Maisonnettes,Tapis � bottes - petit,0,OUT
BNF - Maisonnettes,Tapis � bottes - grand,0,OUT
BNF - Maisonnettes,V�lo stationnaire,0,OUT
BNF - Maisonnettes,Bean bag orange adulte tr�s sale,0,OUT
Bois� international (Boa),Bac sur roulettes Costco,0,OUT
Bois� international (Boa),Banc tabouret rouge,0,OUT
Bois� international (Boa),Base hamac couch� ,0,OUT
Bois� international (Boa),Base hamac suspendu ,0,OUT
Bois� international (Boa),Base hamac rond (ne pas utiliser) ,0,OUT
Bois� international (Boa),Beach flag,0,OUT
Bois� international (Boa),Beach flag 6' ,0,OUT
Bois� international (Boa),Bean bag - chili,0,OUT
Bois� international (Boa),Bean bag - tangerine,0,OUT
Bois� international (Boa),Bean bag - charbon,0,OUT
Bois� international (Boa),Bean bag - onyx,0,OUT
Bois� international (Boa),Bean bag - bor�al,0,OUT
Bois� international (Boa),Bean bag (cadet) - chili,0,OUT
Bois� international (Boa),Bean bag (cadet)- tangerine,0,OUT
Bois� international (Boa),Bean bag (cadet) - charbon,0,OUT
Bois� international (Boa),Bean bag (cadet) - onyx,0,OUT
Bois� international (Boa),Bean bag (cadet) - bor�al,0,OUT
Bois� international (Boa),Bloc de bois,0,OUT
Bois� international (Boa),Boa mobilier ext�rieur,0,OUT
Bois� international (Boa),Cache-pot macram�,0,OUT
Bois� international (Boa),"Canacadre - sur pied � 2 mats, 27x39 base ellipse",0,OUT
Bois� international (Boa),Canacadre - petit de table,0,OUT
Bois� international (Boa),Canacadre - 4 fen�tres,0,OUT
Bois� international (Boa),Canacadre - 6 fen�tres,0,OUT
Bois� international (Boa),Chaise Adirondack - jaune,0,OUT
Bois� international (Boa),Chaise Adirondack - rouge,0,OUT
Bois� international (Boa),Chaise Adirondack - grise,0,OUT
Bois� international (Boa),Chaise Adirondack - bois (en stock),0,OUT
Bois� international (Boa),Chaise longue - Nap et Up,0,OUT
Bois� international (Boa),Chaise longue rouge ,0,OUT
Bois� international (Boa),Concass� ,0,OUT
Bois� international (Boa),Coussin,0,OUT
Bois� international (Boa),Crochet pour plante - noir,0,OUT
Bois� international (Boa),Foyers propane ,0,OUT
Bois� international (Boa),Guirlande de lumi�res �lectriques ,0,OUT
Bois� international (Boa),Hamac - suspendu,0,OUT
Bois� international (Boa),Hamac - assis,0,OUT
Bois� international (Boa),Hamac - couch� ,0,OUT
Bois� international (Boa),Jardini�re,0,OUT
Bois� international (Boa),Lampe,0,OUT
Bois� international (Boa),Murale,0,OUT
Bois� international (Boa),Plante artificielle - petite (Folia),0,OUT
Bois� international (Boa),Plante artificielle - grande,0,OUT
Bois� international (Boa),Plante naturelle - bac gris horizontal ,0,OUT
Bois� international (Boa),Plante naturelle - bac noir horizontal ,0,OUT
Bois� international (Boa),Plante naturelle - petite,0,OUT
Bois� international (Boa),Plante naturelle - grande,0,OUT
Bois� international (Boa),Pot twist grand - blanc,0,OUT
Bois� international (Boa),Pot twist grand - or,0,OUT
Bois� international (Boa),Pot twist grand - vert,0,OUT
Bois� international (Boa),Pot twist moyen - rouge,0,OUT
Bois� international (Boa),Pot twist moyen - orange ,0,OUT
Bois� international (Boa),Pot twist moyen - or ,0,OUT
Bois� international (Boa),Pot twist petit- rouge,0,OUT
Bois� international (Boa),Pot twist petit- or,0,OUT
Bois� international (Boa),Pot moyen rouge rond ,0,OUT
Bois� international (Boa),Pot moyen bland rond ,0,OUT
Bois� international (Boa),Pot moyen noir carr� ,0,OUT
Bois� international (Boa),Pot moyen rouge carr� ,0,OUT
Bois� international (Boa),Pot moyen gris carr� ,0,OUT
Bois� international (Boa),Support � plante,0,OUT
Bois� international (Boa),Table � pique-nique,0,OUT
Bois� international (Boa),Table de travail r�tractable ,0,OUT
Bois� international (Boa),Table de travail et banc rouge ,0,OUT
Bois� international (Boa),Tableau � craie sandwich,0,OUT
Bois� international (Boa),Tapis gazon- 13 pieds ,0,OUT
Bois� international (Boa),Tapis gazon- 10 pieds,0,OUT
Bois� international (Boa),Tapis gazon- 8 pieds ,0,OUT
Bois� international (Boa),Tapis � bottes - petit,0,OUT
Bois� international (Boa),Tapis � bottes - grand,0,OUT
Bois� international (Boa),V�lo stationnaire,0,OUT
Bois� international (Boa),Bean bag orange adulte tr�s sale,0,OUT
Terrains de p�tanque,Bac sur roulettes Costco,0,OUT
Terrains de p�tanque,Banc tabouret rouge,8,OUT
Terrains de p�tanque,Base hamac couch� ,0,OUT
Terrains de p�tanque,Base hamac suspendu ,0,OUT
Terrains de p�tanque,Base hamac rond (ne pas utiliser) ,0,OUT
Terrains de p�tanque,Beach flag,0,OUT
Terrains de p�tanque,Beach flag 6' ,0,OUT
Terrains de p�tanque,Bean bag - chili,0,OUT
Terrains de p�tanque,Bean bag - tangerine,0,OUT
Terrains de p�tanque,Bean bag - charbon,0,OUT
Terrains de p�tanque,Bean bag - onyx,0,OUT
Terrains de p�tanque,Bean bag - bor�al,0,OUT
Terrains de p�tanque,Bean bag (cadet) - chili,0,OUT
Terrains de p�tanque,Bean bag (cadet)- tangerine,0,OUT
Terrains de p�tanque,Bean bag (cadet) - charbon,0,OUT
Terrains de p�tanque,Bean bag (cadet) - onyx,0,OUT
Terrains de p�tanque,Bean bag (cadet) - bor�al,0,OUT
Terrains de p�tanque,Bloc de bois,0,OUT
Terrains de p�tanque,Boa mobilier ext�rieur,0,OUT
Terrains de p�tanque,Cache-pot macram�,0,OUT
Terrains de p�tanque,"Canacadre - sur pied � 2 mats, 27x39 base ellipse",0,OUT
Terrains de p�tanque,Canacadre - petit de table,0,OUT
Terrains de p�tanque,Canacadre - 4 fen�tres,0,OUT
Terrains de p�tanque,Canacadre - 6 fen�tres,0,OUT
Terrains de p�tanque,Chaise Adirondack - jaune,0,OUT
Terrains de p�tanque,Chaise Adirondack - rouge,0,OUT
Terrains de p�tanque,Chaise Adirondack - grise,0,OUT
Terrains de p�tanque,Chaise Adirondack - bois (en stock),0,OUT
Terrains de p�tanque,Chaise longue - Nap et Up,0,OUT
Terrains de p�tanque,Chaise longue rouge ,0,OUT
Terrains de p�tanque,Concass� ,0,OUT
Terrains de p�tanque,Coussin,0,OUT
Terrains de p�tanque,Crochet pour plante - noir,0,OUT
Terrains de p�tanque,Foyers propane ,0,OUT
Terrains de p�tanque,Guirlande de lumi�res �lectriques ,0,OUT
Terrains de p�tanque,Hamac - suspendu,0,OUT
Terrains de p�tanque,Hamac - assis,0,OUT
Terrains de p�tanque,Hamac - couch� ,0,OUT
Terrains de p�tanque,Jardini�re,0,OUT
Terrains de p�tanque,Lampe,0,OUT
Terrains de p�tanque,Murale,0,OUT
Terrains de p�tanque,Plante artificielle - petite (Folia),0,OUT
Terrains de p�tanque,Plante artificielle - grande,0,OUT
Terrains de p�tanque,Plante naturelle - bac gris horizontal ,0,OUT
Terrains de p�tanque,Plante naturelle - bac noir horizontal ,0,OUT
Terrains de p�tanque,Plante naturelle - petite,0,OUT
Terrains de p�tanque,Plante naturelle - grande,0,OUT
Terrains de p�tanque,Pot twist grand - blanc,0,OUT
Terrains de p�tanque,Pot twist grand - or,0,OUT
Terrains de p�tanque,Pot twist grand - vert,0,OUT
Terrains de p�tanque,Pot twist moyen - rouge,0,OUT
Terrains de p�tanque,Pot twist moyen - orange ,0,OUT
Terrains de p�tanque,Pot twist moyen - or ,0,OUT
Terrains de p�tanque,Pot twist petit- rouge,0,OUT
Terrains de p�tanque,Pot twist petit- or,0,OUT
Terrains de p�tanque,Pot moyen rouge rond ,0,OUT
Terrains de p�tanque,Pot moyen bland rond ,0,OUT
Terrains de p�tanque,Pot moyen noir carr� ,0,OUT
Terrains de p�tanque,Pot moyen rouge carr� ,0,OUT
Terrains de p�tanque,Pot moyen gris carr� ,0,OUT
Terrains de p�tanque,Support � plante,0,OUT
Terrains de p�tanque,Table � pique-nique,0,OUT
Terrains de p�tanque,Table de travail r�tractable ,0,OUT
Terrains de p�tanque,Table de travail et banc rouge ,0,OUT
Terrains de p�tanque,Tableau � craie sandwich,0,OUT
Terrains de p�tanque,Tapis gazon- 13 pieds ,0,OUT
Terrains de p�tanque,Tapis gazon- 10 pieds,0,OUT
Terrains de p�tanque,Tapis gazon- 8 pieds ,0,OUT
Terrains de p�tanque,Tapis � bottes - petit,0,OUT
Terrains de p�tanque,Tapis � bottes - grand,0,OUT
Terrains de p�tanque,V�lo stationnaire,0,OUT
Terrains de p�tanque,Bean bag orange adulte tr�s sale,0,OUT
Pr�au DeKoninck ,Bac sur roulettes Costco,0,OUT
Pr�au DeKoninck ,Banc tabouret rouge,0,OUT
Pr�au DeKoninck ,Base hamac couch� ,0,OUT
Pr�au DeKoninck ,Base hamac suspendu ,0,OUT
Pr�au DeKoninck ,Base hamac rond (ne pas utiliser) ,0,OUT
Pr�au DeKoninck ,Beach flag,0,OUT
Pr�au DeKoninck ,Beach flag 6' ,0,OUT
Pr�au DeKoninck ,Bean bag - chili,0,OUT
Pr�au DeKoninck ,Bean bag - tangerine,0,OUT
Pr�au DeKoninck ,Bean bag - charbon,0,OUT
Pr�au DeKoninck ,Bean bag - onyx,0,OUT
Pr�au DeKoninck ,Bean bag - bor�al,0,OUT
Pr�au DeKoninck ,Bean bag (cadet) - chili,0,OUT
Pr�au DeKoninck ,Bean bag (cadet)- tangerine,0,OUT
Pr�au DeKoninck ,Bean bag (cadet) - charbon,0,OUT
Pr�au DeKoninck ,Bean bag (cadet) - onyx,0,OUT
Pr�au DeKoninck ,Bean bag (cadet) - bor�al,0,OUT
Pr�au DeKoninck ,Bloc de bois,0,OUT
Pr�au DeKoninck ,Boa mobilier ext�rieur,0,OUT
Pr�au DeKoninck ,Cache-pot macram�,0,OUT
Pr�au DeKoninck ,"Canacadre - sur pied � 2 mats, 27x39 base ellipse",0,OUT
Pr�au DeKoninck ,Canacadre - petit de table,0,OUT
Pr�au DeKoninck ,Canacadre - 4 fen�tres,0,OUT
Pr�au DeKoninck ,Canacadre - 6 fen�tres,0,OUT
Pr�au DeKoninck ,Chaise Adirondack - jaune,0,OUT
Pr�au DeKoninck ,Chaise Adirondack - rouge,0,OUT
Pr�au DeKoninck ,Chaise Adirondack - grise,0,OUT
Pr�au DeKoninck ,Chaise Adirondack - bois (en stock),0,OUT
Pr�au DeKoninck ,Chaise longue - Nap et Up,0,OUT
Pr�au DeKoninck ,Chaise longue rouge ,0,OUT
Pr�au DeKoninck ,Concass� ,0,OUT
Pr�au DeKoninck ,Coussin,0,OUT
Pr�au DeKoninck ,Crochet pour plante - noir,0,OUT
Pr�au DeKoninck ,Foyers propane ,0,OUT
Pr�au DeKoninck ,Guirlande de lumi�res �lectriques ,0,OUT
Pr�au DeKoninck ,Hamac - suspendu,0,OUT
Pr�au DeKoninck ,Hamac - assis,0,OUT
Pr�au DeKoninck ,Hamac - couch� ,0,OUT
Pr�au DeKoninck ,Jardini�re,0,OUT
Pr�au DeKoninck ,Lampe,0,OUT
Pr�au DeKoninck ,Murale,0,OUT
Pr�au DeKoninck ,Plante artificielle - petite (Folia),0,OUT
Pr�au DeKoninck ,Plante artificielle - grande,0,OUT
Pr�au DeKoninck ,Plante naturelle - bac gris horizontal ,0,OUT
Pr�au DeKoninck ,Plante naturelle - bac noir horizontal ,0,OUT
Pr�au DeKoninck ,Plante naturelle - petite,0,OUT
Pr�au DeKoninck ,Plante naturelle - grande,0,OUT
Pr�au DeKoninck ,Pot twist grand - blanc,0,OUT
Pr�au DeKoninck ,Pot twist grand - or,0,OUT
Pr�au DeKoninck ,Pot twist grand - vert,0,OUT
Pr�au DeKoninck ,Pot twist moyen - rouge,0,OUT
Pr�au DeKoninck ,Pot twist moyen - orange ,0,OUT
Pr�au DeKoninck ,Pot twist moyen - or ,0,OUT
Pr�au DeKoninck ,Pot twist petit- rouge,0,OUT
Pr�au DeKoninck ,Pot twist petit- or,0,OUT
Pr�au DeKoninck ,Pot moyen rouge rond ,0,OUT
Pr�au DeKoninck ,Pot moyen bland rond ,0,OUT
Pr�au DeKoninck ,Pot moyen noir carr� ,0,OUT
Pr�au DeKoninck ,Pot moyen rouge carr� ,0,OUT
Pr�au DeKoninck ,Pot moyen gris carr� ,0,OUT
Pr�au DeKoninck ,Support � plante,0,OUT
Pr�au DeKoninck ,Table � pique-nique,0,OUT
Pr�au DeKoninck ,Table de travail r�tractable ,0,OUT
Pr�au DeKoninck ,Table de travail et banc rouge ,0,OUT
Pr�au DeKoninck ,Tableau � craie sandwich,0,OUT
Pr�au DeKoninck ,Tapis gazon- 13 pieds ,0,OUT
Pr�au DeKoninck ,Tapis gazon- 10 pieds,6,OUT
Pr�au DeKoninck ,Tapis gazon- 8 pieds ,0,OUT
Pr�au DeKoninck ,Tapis � bottes - petit,0,OUT
Pr�au DeKoninck ,Tapis � bottes - grand,0,OUT
Pr�au DeKoninck ,V�lo stationnaire,0,OUT
Pr�au DeKoninck ,Bean bag orange adulte tr�s sale,0,OUT
Bibli 3168,Bac sur roulettes Costco,0,IN
Bibli 3168,Banc tabouret rouge,0,IN
Bibli 3168,Base hamac couch� ,0,IN
Bibli 3168,Base hamac suspendu ,0,IN
Bibli 3168,Base hamac rond (ne pas utiliser) ,0,IN
Bibli 3168,Beach flag,0,IN
Bibli 3168,Beach flag 6' ,0,IN
Bibli 3168,Bean bag - chili,0,IN
Bibli 3168,Bean bag - tangerine,0,IN
Bibli 3168,Bean bag - charbon,0,IN
Bibli 3168,Bean bag - onyx,0,IN
Bibli 3168,Bean bag - bor�al,0,IN
Bibli 3168,Bean bag (cadet) - chili,0,IN
Bibli 3168,Bean bag (cadet)- tangerine,0,IN
Bibli 3168,Bean bag (cadet) - charbon,0,IN
Bibli 3168,Bean bag (cadet) - onyx,0,IN
Bibli 3168,Bean bag (cadet) - bor�al,0,IN
Bibli 3168,Bloc de bois,0,IN
Bibli 3168,Boa mobilier ext�rieur,0,IN
Bibli 3168,Cache-pot macram�,0,IN
Bibli 3168,"Canacadre - sur pied � 2 mats, 27x39 base ellipse",0,IN
Bibli 3168,Canacadre - petit de table,0,IN
Bibli 3168,Canacadre - 4 fen�tres,0,IN
Bibli 3168,Canacadre - 6 fen�tres,0,IN
Bibli 3168,Chaise Adirondack - jaune,0,IN
Bibli 3168,Chaise Adirondack - rouge,0,IN
Bibli 3168,Chaise Adirondack - grise,0,IN
Bibli 3168,Chaise Adirondack - bois (en stock),0,IN
Bibli 3168,Chaise longue - Nap et Up,0,IN
Bibli 3168,Chaise longue rouge ,0,IN
Bibli 3168,Concass� ,0,IN
Bibli 3168,Coussin,0,IN
Bibli 3168,Crochet pour plante - noir,0,IN
Bibli 3168,Foyers propane ,0,IN
Bibli 3168,Guirlande de lumi�res �lectriques ,0,IN
Bibli 3168,Hamac - suspendu,0,IN
Bibli 3168,Hamac - assis,0,IN
Bibli 3168,Hamac - couch� ,0,IN
Bibli 3168,Jardini�re,0,IN
Bibli 3168,Lampe,0,IN
Bibli 3168,Murale,1,IN
Bibli 3168,Plante artificielle - petite (Folia),2,IN
Bibli 3168,Plante artificielle - grande,0,IN
Bibli 3168,Plante naturelle - bac gris horizontal ,0,IN
Bibli 3168,Plante naturelle - bac noir horizontal ,0,IN
Bibli 3168,Plante naturelle - petite,0,IN
Bibli 3168,Plante naturelle - grande,0,IN
Bibli 3168,Pot twist grand - blanc,0,IN
Bibli 3168,Pot twist grand - or,0,IN
Bibli 3168,Pot twist grand - vert,0,IN
Bibli 3168,Pot twist moyen - rouge,0,IN
Bibli 3168,Pot twist moyen - orange ,0,IN
Bibli 3168,Pot twist moyen - or ,0,IN
Bibli 3168,Pot twist petit- rouge,0,IN
Bibli 3168,Pot twist petit- or,0,IN
Bibli 3168,Pot moyen rouge rond ,0,IN
Bibli 3168,Pot moyen bland rond ,0,IN
Bibli 3168,Pot moyen noir carr� ,0,IN
Bibli 3168,Pot moyen rouge carr� ,0,IN
Bibli 3168,Pot moyen gris carr� ,0,IN
Bibli 3168,Support � plante,0,IN
Bibli 3168,Table � pique-nique,0,IN
Bibli 3168,Table de travail r�tractable ,2,IN
Bibli 3168,Table de travail et banc rouge ,0,IN
Bibli 3168,Tableau � craie sandwich,0,IN
Bibli 3168,Tapis gazon- 13 pieds ,0,IN
Bibli 3168,Tapis gazon- 10 pieds,1,IN
Bibli 3168,Tapis gazon- 8 pieds ,1,IN
Bibli 3168,Tapis � bottes - petit,0,IN
Bibli 3168,Tapis � bottes - grand,2,IN
Bibli 3168,V�lo stationnaire,2,IN
Bibli 3168,Bean bag orange adulte tr�s sale,0,IN
Comtois,Bac sur roulettes Costco,0,IN
Comtois,Banc tabouret rouge,0,IN
Comtois,Base hamac couch� ,0,IN
Comtois,Base hamac suspendu ,0,IN
Comtois,Base hamac rond (ne pas utiliser) ,0,IN
Comtois,Beach flag,0,IN
Comtois,Beach flag 6' ,0,IN
Comtois,Bean bag - chili,0,IN
Comtois,Bean bag - tangerine,1,IN
Comtois,Bean bag - charbon,1,IN
Comtois,Bean bag - onyx,0,IN
Comtois,Bean bag - bor�al,0,IN
Comtois,Bean bag (cadet) - chili,0,IN
Comtois,Bean bag (cadet)- tangerine,3,IN
Comtois,Bean bag (cadet) - charbon,1,IN
Comtois,Bean bag (cadet) - onyx,0,IN
Comtois,Bean bag (cadet) - bor�al,0,IN
Comtois,Bloc de bois,0,IN
Comtois,Boa mobilier ext�rieur,0,IN
Comtois,Cache-pot macram�,0,IN
Comtois,"Canacadre - sur pied � 2 mats, 27x39 base ellipse",1,IN
Comtois,Canacadre - petit de table,0,IN
Comtois,Canacadre - 4 fen�tres,0,IN
Comtois,Canacadre - 6 fen�tres,1,IN
Comtois,Chaise Adirondack - jaune,0,IN
Comtois,Chaise Adirondack - rouge,0,IN
Comtois,Chaise Adirondack - grise,0,IN
Comtois,Chaise Adirondack - bois (en stock),4,IN
Comtois,Chaise longue - Nap et Up,0,IN
Comtois,Chaise longue rouge ,0,IN
Comtois,Concass� ,0,IN
Comtois,Coussin,0,IN
Comtois,Crochet pour plante - noir,0,IN
Comtois,Foyers propane ,0,IN
Comtois,Guirlande de lumi�res �lectriques ,0,IN
Comtois,Hamac - suspendu,0,IN
Comtois,Hamac - assis,0,IN
Comtois,Hamac - couch� ,1,IN
Comtois,Jardini�re,0,IN
Comtois,Lampe,0,IN
Comtois,Murale,0,IN
Comtois,Plante artificielle - petite (Folia),0,IN
Comtois,Plante artificielle - grande,0,IN
Comtois,Plante naturelle - bac gris horizontal ,0,IN
Comtois,Plante naturelle - bac noir horizontal ,0,IN
Comtois,Plante naturelle - petite,0,IN
Comtois,Plante naturelle - grande,0,IN
Comtois,Pot twist grand - blanc,0,IN
Comtois,Pot twist grand - or,0,IN
Comtois,Pot twist grand - vert,0,IN
Comtois,Pot twist moyen - rouge,0,IN
Comtois,Pot twist moyen - orange ,0,IN
Comtois,Pot twist moyen - or ,0,IN
Comtois,Pot twist petit- rouge,0,IN
Comtois,Pot twist petit- or,0,IN
Comtois,Pot moyen rouge rond ,0,IN
Comtois,Pot moyen bland rond ,0,IN
Comtois,Pot moyen noir carr� ,0,IN
Comtois,Pot moyen rouge carr� ,0,IN
Comtois,Pot moyen gris carr� ,0,IN
Comtois,Support � plante,0,IN
Comtois,Table � pique-nique,0,IN
Comtois,Table de travail r�tractable ,0,IN
Comtois,Table de travail et banc rouge ,0,IN
Comtois,Tableau � craie sandwich,0,IN
Comtois,Tapis gazon- 13 pieds ,2,IN
Comtois,Tapis gazon- 10 pieds,0,IN
Comtois,Tapis gazon- 8 pieds ,2,IN
Comtois,Tapis � bottes - petit,0,IN
Comtois,Tapis � bottes - grand,1,IN
Comtois,V�lo stationnaire,0,IN
Comtois,Bean bag orange adulte tr�s sale,0,IN
Casault employ�s (vendu),Bac sur roulettes Costco,0,IN
Casault employ�s (vendu),Banc tabouret rouge,0,IN
Casault employ�s (vendu),Base hamac couch� ,0,IN
Casault employ�s (vendu),Base hamac suspendu ,1,IN
Casault employ�s (vendu),Base hamac rond (ne pas utiliser) ,0,IN
Casault employ�s (vendu),Beach flag,0,IN
Casault employ�s (vendu),Beach flag 6' ,0,IN
Casault employ�s (vendu),Bean bag - chili,1,IN
Casault employ�s (vendu),Bean bag - tangerine,0,IN
Casault employ�s (vendu),Bean bag - charbon,0,IN
Casault employ�s (vendu),Bean bag - onyx,0,IN
Casault employ�s (vendu),Bean bag - bor�al,0,IN
Casault employ�s (vendu),Bean bag (cadet) - chili,0,IN
Casault employ�s (vendu),Bean bag (cadet)- tangerine,0,IN
Casault employ�s (vendu),Bean bag (cadet) - charbon,0,IN
Casault employ�s (vendu),Bean bag (cadet) - onyx,0,IN
Casault employ�s (vendu),Bean bag (cadet) - bor�al,0,IN
Casault employ�s (vendu),Bloc de bois,0,IN
Casault employ�s (vendu),Boa mobilier ext�rieur,0,IN
Casault employ�s (vendu),Cache-pot macram�,0,IN
Casault employ�s (vendu),"Canacadre - sur pied � 2 mats, 27x39 base ellipse",0,IN
Casault employ�s (vendu),Canacadre - petit de table,0,IN
Casault employ�s (vendu),Canacadre - 4 fen�tres,0,IN
Casault employ�s (vendu),Canacadre - 6 fen�tres,0,IN
Casault employ�s (vendu),Chaise Adirondack - jaune,0,IN
Casault employ�s (vendu),Chaise Adirondack - rouge,0,IN
Casault employ�s (vendu),Chaise Adirondack - grise,0,IN
Casault employ�s (vendu),Chaise Adirondack - bois (en stock),0,IN
Casault employ�s (vendu),Chaise longue - Nap et Up,0,IN
Casault employ�s (vendu),Chaise longue rouge ,2,IN
Casault employ�s (vendu),Concass� ,0,IN
Casault employ�s (vendu),Coussin,0,IN
Casault employ�s (vendu),Crochet pour plante - noir,0,IN
Casault employ�s (vendu),Foyers propane ,0,IN
Casault employ�s (vendu),Guirlande de lumi�res �lectriques ,0,IN
Casault employ�s (vendu),Hamac - suspendu,0,IN
Casault employ�s (vendu),Hamac - assis,1,IN
Casault employ�s (vendu),Hamac - couch� ,0,IN
Casault employ�s (vendu),Jardini�re,0,IN
Casault employ�s (vendu),Lampe,0,IN
Casault employ�s (vendu),Murale,0,IN
Casault employ�s (vendu),Plante artificielle - petite (Folia),0,IN
Casault employ�s (vendu),Plante artificielle - grande,0,IN
Casault employ�s (vendu),Plante naturelle - bac gris horizontal ,0,IN
Casault employ�s (vendu),Plante naturelle - bac noir horizontal ,0,IN
Casault employ�s (vendu),Plante naturelle - petite,0,IN
Casault employ�s (vendu),Plante naturelle - grande,0,IN
Casault employ�s (vendu),Pot twist grand - blanc,0,IN
Casault employ�s (vendu),Pot twist grand - or,0,IN
Casault employ�s (vendu),Pot twist grand - vert,0,IN
Casault employ�s (vendu),Pot twist moyen - rouge,0,IN
Casault employ�s (vendu),Pot twist moyen - orange ,0,IN
Casault employ�s (vendu),Pot twist moyen - or ,0,IN
Casault employ�s (vendu),Pot twist petit- rouge,0,IN
Casault employ�s (vendu),Pot twist petit- or,0,IN
Casault employ�s (vendu),Pot moyen rouge rond ,0,IN
Casault employ�s (vendu),Pot moyen bland rond ,0,IN
Casault employ�s (vendu),Pot moyen noir carr� ,0,IN
Casault employ�s (vendu),Pot moyen rouge carr� ,0,IN
Casault employ�s (vendu),Pot moyen gris carr� ,0,IN
Casault employ�s (vendu),Support � plante,0,IN
Casault employ�s (vendu),Table � pique-nique,2,IN
Casault employ�s (vendu),Table de travail r�tractable ,0,IN
Casault employ�s (vendu),Table de travail et banc rouge ,0,IN
Casault employ�s (vendu),Tableau � craie sandwich,0,IN
Casault employ�s (vendu),Tapis gazon- 13 pieds ,0,IN
Casault employ�s (vendu),Tapis gazon- 10 pieds,2,IN
Casault employ�s (vendu),Tapis gazon- 8 pieds ,0,IN
Casault employ�s (vendu),Tapis � bottes - petit,0,IN
Casault employ�s (vendu),Tapis � bottes - grand,0,IN
Casault employ�s (vendu),V�lo stationnaire,0,IN
Casault employ�s (vendu),Bean bag orange adulte tr�s sale,0,IN
Casault,Bac sur roulettes Costco,0,IN
Casault,Banc tabouret rouge,0,IN
Casault,Base hamac couch� ,0,IN
Casault,Base hamac suspendu ,0,IN
Casault,Base hamac rond (ne pas utiliser) ,0,IN
Casault,Beach flag,0,IN
Casault,Beach flag 6' ,0,IN
Casault,Bean bag - chili,0,IN
Casault,Bean bag - tangerine,0,IN
Casault,Bean bag - charbon,0,IN
Casault,Bean bag - onyx,0,IN
Casault,Bean bag - bor�al,0,IN
Casault,Bean bag (cadet) - chili,0,IN
Casault,Bean bag (cadet)- tangerine,1,IN
Casault,Bean bag (cadet) - charbon,0,IN
Casault,Bean bag (cadet) - onyx,0,IN
Casault,Bean bag (cadet) - bor�al,0,IN
Casault,Bloc de bois,0,IN
Casault,Boa mobilier ext�rieur,0,IN
Casault,Cache-pot macram�,0,IN
Casault,"Canacadre - sur pied � 2 mats, 27x39 base ellipse",0,IN
Casault,Canacadre - petit de table,0,IN
Casault,Canacadre - 4 fen�tres,0,IN
Casault,Canacadre - 6 fen�tres,0,IN
Casault,Chaise Adirondack - jaune,0,IN
Casault,Chaise Adirondack - rouge,1,IN
Casault,Chaise Adirondack - grise,1,IN
Casault,Chaise Adirondack - bois (en stock),0,IN
Casault,Chaise longue - Nap et Up,0,IN
Casault,Chaise longue rouge ,0,IN
Casault,Concass� ,0,IN
Casault,Coussin,0,IN
Casault,Crochet pour plante - noir,0,IN
Casault,Foyers propane ,0,IN
Casault,Guirlande de lumi�res �lectriques ,1,IN
Casault,Hamac - suspendu,0,IN
Casault,Hamac - assis,1,IN
Casault,Hamac - couch� ,2,IN
Casault,Jardini�re,0,IN
Casault,Lampe,0,IN
Casault,Murale,0,IN
Casault,Plante artificielle - petite (Folia),0,IN
Casault,Plante artificielle - grande,1,IN
Casault,Plante naturelle - bac gris horizontal ,0,IN
Casault,Plante naturelle - bac noir horizontal ,0,IN
Casault,Plante naturelle - petite,0,IN
Casault,Plante naturelle - grande,0,IN
Casault,Pot twist grand - blanc,0,IN
Casault,Pot twist grand - or,0,IN
Casault,Pot twist grand - vert,0,IN
Casault,Pot twist moyen - rouge,0,IN
Casault,Pot twist moyen - orange ,0,IN
Casault,Pot twist moyen - or ,0,IN
Casault,Pot twist petit- rouge,0,IN
Casault,Pot twist petit- or,0,IN
Casault,Pot moyen rouge rond ,0,IN
Casault,Pot moyen bland rond ,0,IN
Casault,Pot moyen noir carr� ,0,IN
Casault,Pot moyen rouge carr� ,0,IN
Casault,Pot moyen gris carr� ,0,IN
Casault,Support � plante,0,IN
Casault,Table � pique-nique,0,IN
Casault,Table de travail r�tractable ,0,IN
Casault,Table de travail et banc rouge ,0,IN
Casault,Tableau � craie sandwich,0,IN
Casault,Tapis gazon- 13 pieds ,0,IN
Casault,Tapis gazon- 10 pieds,2,IN
Casault,Tapis gazon- 8 pieds ,1,IN
Casault,Tapis � bottes - petit,0,IN
Casault,Tapis � bottes - grand,1,IN
Casault,V�lo stationnaire,0,IN
Casault,Bean bag orange adulte tr�s sale,0,IN
DeKoninck,Bac sur roulettes Costco,0,IN
DeKoninck,Banc tabouret rouge,0,IN
DeKoninck,Base hamac couch� ,0,IN
DeKoninck,Base hamac suspendu ,0,IN
DeKoninck,Base hamac rond (ne pas utiliser) ,0,IN
DeKoninck,Beach flag,0,IN
DeKoninck,Beach flag 6' ,0,IN
DeKoninck,Bean bag - chili,0,IN
DeKoninck,Bean bag - tangerine,0,IN
DeKoninck,Bean bag - charbon,0,IN
DeKoninck,Bean bag - onyx,0,IN
DeKoninck,Bean bag - bor�al,0,IN
DeKoninck,Bean bag (cadet) - chili,0,IN
DeKoninck,Bean bag (cadet)- tangerine,0,IN
DeKoninck,Bean bag (cadet) - charbon,0,IN
DeKoninck,Bean bag (cadet) - onyx,0,IN
DeKoninck,Bean bag (cadet) - bor�al,0,IN
DeKoninck,Bloc de bois,0,IN
DeKoninck,Boa mobilier ext�rieur,0,IN
DeKoninck,Cache-pot macram�,0,IN
DeKoninck,"Canacadre - sur pied � 2 mats, 27x39 base ellipse",2,IN
DeKoninck,Canacadre - petit de table,0,IN
DeKoninck,Canacadre - 4 fen�tres,0,IN
DeKoninck,Canacadre - 6 fen�tres,1,IN
DeKoninck,Chaise Adirondack - jaune,0,IN
DeKoninck,Chaise Adirondack - rouge,0,IN
DeKoninck,Chaise Adirondack - grise,0,IN
DeKoninck,Chaise Adirondack - bois (en stock),0,IN
DeKoninck,Chaise longue - Nap et Up,0,IN
DeKoninck,Chaise longue rouge ,0,IN
DeKoninck,Concass� ,0,IN
DeKoninck,Coussin,0,IN
DeKoninck,Crochet pour plante - noir,0,IN
DeKoninck,Foyers propane ,0,IN
DeKoninck,Guirlande de lumi�res �lectriques ,0,IN
DeKoninck,Hamac - suspendu,0,IN
DeKoninck,Hamac - assis,0,IN
DeKoninck,Hamac - couch� ,0,IN
DeKoninck,Jardini�re,0,IN
DeKoninck,Lampe,0,IN
DeKoninck,Murale,0,IN
DeKoninck,Plante artificielle - petite (Folia),0,IN
DeKoninck,Plante artificielle - grande,1,IN
DeKoninck,Plante naturelle - bac gris horizontal ,3,IN
DeKoninck,Plante naturelle - bac noir horizontal ,0,IN
DeKoninck,Plante naturelle - petite,0,IN
DeKoninck,Plante naturelle - grande,0,IN
DeKoninck,Pot twist grand - blanc,0,IN
DeKoninck,Pot twist grand - or,0,IN
DeKoninck,Pot twist grand - vert,0,IN
DeKoninck,Pot twist moyen - rouge,0,IN
DeKoninck,Pot twist moyen - orange ,0,IN
DeKoninck,Pot twist moyen - or ,0,IN
DeKoninck,Pot twist petit- rouge,0,IN
DeKoninck,Pot twist petit- or,0,IN
DeKoninck,Pot moyen rouge rond ,0,IN
DeKoninck,Pot moyen bland rond ,0,IN
DeKoninck,Pot moyen noir carr� ,0,IN
DeKoninck,Pot moyen rouge carr� ,0,IN
DeKoninck,Pot moyen gris carr� ,0,IN
DeKoninck,Support � plante,0,IN
DeKoninck,Table � pique-nique,0,IN
DeKoninck,Table de travail r�tractable ,0,IN
DeKoninck,Table de travail et banc rouge ,0,IN
DeKoninck,Tableau � craie sandwich,0,IN
DeKoninck,Tapis gazon- 13 pieds ,0,IN
DeKoninck,Tapis gazon- 10 pieds,2,IN
DeKoninck,Tapis gazon- 8 pieds ,0,IN
DeKoninck,Tapis � bottes - petit,0,IN
DeKoninck,Tapis � bottes - grand,0,IN
DeKoninck,V�lo stationnaire,0,IN
DeKoninck,Bean bag orange adulte tr�s sale,0,IN
Desjardins,Bac sur roulettes Costco,0,IN
Desjardins,Banc tabouret rouge,0,IN
Desjardins,Base hamac couch� ,0,IN
Desjardins,Base hamac suspendu ,0,IN
Desjardins,Base hamac rond (ne pas utiliser) ,0,IN
Desjardins,Beach flag,0,IN
Desjardins,Beach flag 6' ,0,IN
Desjardins,Bean bag - chili,1,IN
Desjardins,Bean bag - tangerine,1,IN
Desjardins,Bean bag - charbon,1,IN
Desjardins,Bean bag - onyx,0,IN
Desjardins,Bean bag - bor�al,0,IN
Desjardins,Bean bag (cadet) - chili,0,IN
Desjardins,Bean bag (cadet)- tangerine,0,IN
Desjardins,Bean bag (cadet) - charbon,0,IN
Desjardins,Bean bag (cadet) - onyx,0,IN
Desjardins,Bean bag (cadet) - bor�al,0,IN
Desjardins,Bloc de bois,0,IN
Desjardins,Boa mobilier ext�rieur,0,IN
Desjardins,Cache-pot macram�,0,IN
Desjardins,"Canacadre - sur pied � 2 mats, 27x39 base ellipse",0,IN
Desjardins,Canacadre - petit de table,0,IN
Desjardins,Canacadre - 4 fen�tres,0,IN
Desjardins,Canacadre - 6 fen�tres,0,IN
Desjardins,Chaise Adirondack - jaune,1,IN
Desjardins,Chaise Adirondack - rouge,1,IN
Desjardins,Chaise Adirondack - grise,0,IN
Desjardins,Chaise Adirondack - bois (en stock),0,IN
Desjardins,Chaise longue - Nap et Up,0,IN
Desjardins,Chaise longue rouge ,0,IN
Desjardins,Concass� ,0,IN
Desjardins,Coussin,0,IN
Desjardins,Crochet pour plante - noir,0,IN
Desjardins,Foyers propane ,0,IN
Desjardins,Guirlande de lumi�res �lectriques ,0,IN
Desjardins,Hamac - suspendu,1,IN
Desjardins,Hamac - assis,2,IN
Desjardins,Hamac - couch� ,0,IN
Desjardins,Jardini�re,0,IN
Desjardins,Lampe,0,IN
Desjardins,Murale,0,IN
Desjardins,Plante artificielle - petite (Folia),0,IN
Desjardins,Plante artificielle - grande,0,IN
Desjardins,Plante naturelle - bac gris horizontal ,0,IN
Desjardins,Plante naturelle - bac noir horizontal ,0,IN
Desjardins,Plante naturelle - petite,0,IN
Desjardins,Plante naturelle - grande,0,IN
Desjardins,Pot twist grand - blanc,0,IN
Desjardins,Pot twist grand - or,0,IN
Desjardins,Pot twist grand - vert,1,IN
Desjardins,Pot twist moyen - rouge,0,IN
Desjardins,Pot twist moyen - orange ,0,IN
Desjardins,Pot twist moyen - or ,0,IN
Desjardins,Pot twist petit- rouge,0,IN
Desjardins,Pot twist petit- or,0,IN
Desjardins,Pot moyen rouge rond ,0,IN
Desjardins,Pot moyen bland rond ,1,IN
Desjardins,Pot moyen noir carr� ,0,IN
Desjardins,Pot moyen rouge carr� ,0,IN
Desjardins,Pot moyen gris carr� ,0,IN
Desjardins,Support � plante,0,IN
Desjardins,Table � pique-nique,0,IN
Desjardins,Table de travail r�tractable ,0,IN
Desjardins,Table de travail et banc rouge ,0,IN
Desjardins,Tableau � craie sandwich,0,IN
Desjardins,Tapis gazon- 13 pieds ,0,IN
Desjardins,Tapis gazon- 10 pieds,5,IN
Desjardins,Tapis gazon- 8 pieds ,0,IN
Desjardins,Tapis � bottes - petit,0,IN
Desjardins,Tapis � bottes - grand,0,IN
Desjardins,V�lo stationnaire,0,IN
Desjardins,Bean bag orange adulte tr�s sale,0,IN
Espace M�UL (2725),Bac sur roulettes Costco,0,IN
Espace M�UL (2725),Banc tabouret rouge,0,IN
Espace M�UL (2725),Base hamac couch� ,0,IN
Espace M�UL (2725),Base hamac suspendu ,0,IN
Espace M�UL (2725),Base hamac rond (ne pas utiliser) ,0,IN
Espace M�UL (2725),Beach flag,1,IN
Espace M�UL (2725),Beach flag 6' ,0,IN
Espace M�UL (2725),Bean bag - chili,1,IN
Espace M�UL (2725),Bean bag - tangerine,0,IN
Espace M�UL (2725),Bean bag - charbon,0,IN
Espace M�UL (2725),Bean bag - onyx,0,IN
Espace M�UL (2725),Bean bag - bor�al,0,IN
Espace M�UL (2725),Bean bag (cadet) - chili,0,IN
Espace M�UL (2725),Bean bag (cadet)- tangerine,1,IN
Espace M�UL (2725),Bean bag (cadet) - charbon,2,IN
Espace M�UL (2725),Bean bag (cadet) - onyx,0,IN
Espace M�UL (2725),Bean bag (cadet) - bor�al,0,IN
Espace M�UL (2725),Bloc de bois,0,IN
Espace M�UL (2725),Boa mobilier ext�rieur,0,IN
Espace M�UL (2725),Cache-pot macram�,0,IN
Espace M�UL (2725),"Canacadre - sur pied � 2 mats, 27x39 base ellipse",2,IN
Espace M�UL (2725),Canacadre - petit de table,7,IN
Espace M�UL (2725),Canacadre - 4 fen�tres,0,IN
Espace M�UL (2725),Canacadre - 6 fen�tres,1,IN
Espace M�UL (2725),Chaise Adirondack - jaune,0,IN
Espace M�UL (2725),Chaise Adirondack - rouge,0,IN
Espace M�UL (2725),Chaise Adirondack - grise,0,IN
Espace M�UL (2725),Chaise Adirondack - bois (en stock),0,IN
Espace M�UL (2725),Chaise longue - Nap et Up,2,IN
Espace M�UL (2725),Chaise longue rouge ,0,IN
Espace M�UL (2725),Concass� ,0,IN
Espace M�UL (2725),Coussin,5,IN
Espace M�UL (2725),Crochet pour plante - noir,0,IN
Espace M�UL (2725),Foyers propane ,0,IN
Espace M�UL (2725),Guirlande de lumi�res �lectriques ,0,IN
Espace M�UL (2725),Hamac - suspendu,1,IN
Espace M�UL (2725),Hamac - assis,1,IN
Espace M�UL (2725),Hamac - couch� ,1,IN
Espace M�UL (2725),Jardini�re,0,IN
Espace M�UL (2725),Lampe,0,IN
Espace M�UL (2725),Murale,0,IN
Espace M�UL (2725),Plante artificielle - petite (Folia),0,IN
Espace M�UL (2725),Plante artificielle - grande,0,IN
Espace M�UL (2725),Plante naturelle - bac gris horizontal ,0,IN
Espace M�UL (2725),Plante naturelle - bac noir horizontal ,3,IN
Espace M�UL (2725),Plante naturelle - petite,7,IN
Espace M�UL (2725),Plante naturelle - grande,0,IN
Espace M�UL (2725),Pot twist grand - blanc,0,IN
Espace M�UL (2725),Pot twist grand - or,0,IN
Espace M�UL (2725),Pot twist grand - vert,0,IN
Espace M�UL (2725),Pot twist moyen - rouge,0,IN
Espace M�UL (2725),Pot twist moyen - orange ,0,IN
Espace M�UL (2725),Pot twist moyen - or ,0,IN
Espace M�UL (2725),Pot twist petit- rouge,0,IN
Espace M�UL (2725),Pot twist petit- or,0,IN
Espace M�UL (2725),Pot moyen rouge rond ,0,IN
Espace M�UL (2725),Pot moyen bland rond ,0,IN
Espace M�UL (2725),Pot moyen noir carr� ,2,IN
Espace M�UL (2725),Pot moyen rouge carr� ,2,IN
Espace M�UL (2725),Pot moyen gris carr� ,2,IN
Espace M�UL (2725),Support � plante,3,IN
Espace M�UL (2725),Table � pique-nique,0,IN
Espace M�UL (2725),Table de travail r�tractable ,0,IN
Espace M�UL (2725),Table de travail et banc rouge ,0,IN
Espace M�UL (2725),Tableau � craie sandwich,0,IN
Espace M�UL (2725),Tapis gazon- 13 pieds ,0,IN
Espace M�UL (2725),Tapis gazon- 10 pieds,0,IN
Espace M�UL (2725),Tapis gazon- 8 pieds ,1,IN
Espace M�UL (2725),Tapis � bottes - petit,0,IN
Espace M�UL (2725),Tapis � bottes - grand,0,IN
Espace M�UL (2725),V�lo stationnaire,0,IN
Espace M�UL (2725),Bean bag orange adulte tr�s sale,0,IN
F�lix-Antoine Savard (140z) ,Bac sur roulettes Costco,0,IN
F�lix-Antoine Savard (140z) ,Banc tabouret rouge,0,IN
F�lix-Antoine Savard (140z) ,Base hamac couch� ,0,IN
F�lix-Antoine Savard (140z) ,Base hamac suspendu ,0,IN
F�lix-Antoine Savard (140z) ,Base hamac rond (ne pas utiliser) ,0,IN
F�lix-Antoine Savard (140z) ,Beach flag,0,IN
F�lix-Antoine Savard (140z) ,Beach flag 6' ,0,IN
F�lix-Antoine Savard (140z) ,Bean bag - chili,0,IN
F�lix-Antoine Savard (140z) ,Bean bag - tangerine,0,IN
F�lix-Antoine Savard (140z) ,Bean bag - charbon,0,IN
F�lix-Antoine Savard (140z) ,Bean bag - onyx,1,IN
F�lix-Antoine Savard (140z) ,Bean bag - bor�al,1,IN
F�lix-Antoine Savard (140z) ,Bean bag (cadet) - chili,0,IN
F�lix-Antoine Savard (140z) ,Bean bag (cadet)- tangerine,0,IN
F�lix-Antoine Savard (140z) ,Bean bag (cadet) - charbon,0,IN
F�lix-Antoine Savard (140z) ,Bean bag (cadet) - onyx,0,IN
F�lix-Antoine Savard (140z) ,Bean bag (cadet) - bor�al,0,IN
F�lix-Antoine Savard (140z) ,Bloc de bois,0,IN
F�lix-Antoine Savard (140z) ,Boa mobilier ext�rieur,0,IN
F�lix-Antoine Savard (140z) ,Cache-pot macram�,0,IN
F�lix-Antoine Savard (140z) ,"Canacadre - sur pied � 2 mats, 27x39 base ellipse",1,IN
F�lix-Antoine Savard (140z) ,Canacadre - petit de table,1,IN
F�lix-Antoine Savard (140z) ,Canacadre - 4 fen�tres,0,IN
F�lix-Antoine Savard (140z) ,Canacadre - 6 fen�tres,0,IN
F�lix-Antoine Savard (140z) ,Chaise Adirondack - jaune,0,IN
F�lix-Antoine Savard (140z) ,Chaise Adirondack - rouge,0,IN
F�lix-Antoine Savard (140z) ,Chaise Adirondack - grise,0,IN
F�lix-Antoine Savard (140z) ,Chaise Adirondack - bois (en stock),0,IN
F�lix-Antoine Savard (140z) ,Chaise longue - Nap et Up,0,IN
F�lix-Antoine Savard (140z) ,Chaise longue rouge ,0,IN
F�lix-Antoine Savard (140z) ,Concass� ,0,IN
F�lix-Antoine Savard (140z) ,Coussin,0,IN
F�lix-Antoine Savard (140z) ,Crochet pour plante - noir,0,IN
F�lix-Antoine Savard (140z) ,Foyers propane ,0,IN
F�lix-Antoine Savard (140z) ,Guirlande de lumi�res �lectriques ,0,IN
F�lix-Antoine Savard (140z) ,Hamac - suspendu,1,IN
F�lix-Antoine Savard (140z) ,Hamac - assis,0,IN
F�lix-Antoine Savard (140z) ,Hamac - couch� ,0,IN
F�lix-Antoine Savard (140z) ,Jardini�re,4,IN
F�lix-Antoine Savard (140z) ,Lampe,0,IN
F�lix-Antoine Savard (140z) ,Murale,0,IN
F�lix-Antoine Savard (140z) ,Plante artificielle - petite (Folia),0,IN
F�lix-Antoine Savard (140z) ,Plante artificielle - grande,1,IN
F�lix-Antoine Savard (140z) ,Plante naturelle - bac gris horizontal ,0,IN
F�lix-Antoine Savard (140z) ,Plante naturelle - bac noir horizontal ,0,IN
F�lix-Antoine Savard (140z) ,Plante naturelle - petite,0,IN
F�lix-Antoine Savard (140z) ,Plante naturelle - grande,0,IN
F�lix-Antoine Savard (140z) ,Pot twist grand - blanc,0,IN
F�lix-Antoine Savard (140z) ,Pot twist grand - or,0,IN
F�lix-Antoine Savard (140z) ,Pot twist grand - vert,0,IN
F�lix-Antoine Savard (140z) ,Pot twist moyen - rouge,0,IN
F�lix-Antoine Savard (140z) ,Pot twist moyen - orange ,0,IN
F�lix-Antoine Savard (140z) ,Pot twist moyen - or ,0,IN
F�lix-Antoine Savard (140z) ,Pot twist petit- rouge,0,IN
F�lix-Antoine Savard (140z) ,Pot twist petit- or,0,IN
F�lix-Antoine Savard (140z) ,Pot moyen rouge rond ,0,IN
F�lix-Antoine Savard (140z) ,Pot moyen bland rond ,0,IN
F�lix-Antoine Savard (140z) ,Pot moyen noir carr� ,0,IN
F�lix-Antoine Savard (140z) ,Pot moyen rouge carr� ,0,IN
F�lix-Antoine Savard (140z) ,Pot moyen gris carr� ,0,IN
F�lix-Antoine Savard (140z) ,Support � plante,0,IN
F�lix-Antoine Savard (140z) ,Table � pique-nique,0,IN
F�lix-Antoine Savard (140z) ,Table de travail r�tractable ,0,IN
F�lix-Antoine Savard (140z) ,Table de travail et banc rouge ,0,IN
F�lix-Antoine Savard (140z) ,Tableau � craie sandwich,0,IN
F�lix-Antoine Savard (140z) ,Tapis gazon- 13 pieds ,0,IN
F�lix-Antoine Savard (140z) ,Tapis gazon- 10 pieds,1,IN
F�lix-Antoine Savard (140z) ,Tapis gazon- 8 pieds ,0,IN
F�lix-Antoine Savard (140z) ,Tapis � bottes - petit,4,IN
F�lix-Antoine Savard (140z) ,Tapis � bottes - grand,1,IN
F�lix-Antoine Savard (140z) ,V�lo stationnaire,0,IN
F�lix-Antoine Savard (140z) ,Bean bag orange adulte tr�s sale,0,IN
F�lix-Antoine Savard (espace ouvert),Bac sur roulettes Costco,0,IN
F�lix-Antoine Savard (espace ouvert),Banc tabouret rouge,0,IN
F�lix-Antoine Savard (espace ouvert),Base hamac couch� ,0,IN
F�lix-Antoine Savard (espace ouvert),Base hamac suspendu ,0,IN
F�lix-Antoine Savard (espace ouvert),Base hamac rond (ne pas utiliser) ,0,IN
F�lix-Antoine Savard (espace ouvert),Beach flag,0,IN
F�lix-Antoine Savard (espace ouvert),Beach flag 6' ,0,IN
F�lix-Antoine Savard (espace ouvert),Bean bag - chili,0,IN
F�lix-Antoine Savard (espace ouvert),Bean bag - tangerine,0,IN
F�lix-Antoine Savard (espace ouvert),Bean bag - charbon,0,IN
F�lix-Antoine Savard (espace ouvert),Bean bag - onyx,0,IN
F�lix-Antoine Savard (espace ouvert),Bean bag - bor�al,0,IN
F�lix-Antoine Savard (espace ouvert),Bean bag (cadet) - chili,0,IN
F�lix-Antoine Savard (espace ouvert),Bean bag (cadet)- tangerine,0,IN
F�lix-Antoine Savard (espace ouvert),Bean bag (cadet) - charbon,0,IN
F�lix-Antoine Savard (espace ouvert),Bean bag (cadet) - onyx,0,IN
F�lix-Antoine Savard (espace ouvert),Bean bag (cadet) - bor�al,0,IN
F�lix-Antoine Savard (espace ouvert),Bloc de bois,0,IN
F�lix-Antoine Savard (espace ouvert),Boa mobilier ext�rieur,0,IN
F�lix-Antoine Savard (espace ouvert),Cache-pot macram�,0,IN
F�lix-Antoine Savard (espace ouvert),"Canacadre - sur pied � 2 mats, 27x39 base ellipse",0,IN
F�lix-Antoine Savard (espace ouvert),Canacadre - petit de table,0,IN
F�lix-Antoine Savard (espace ouvert),Canacadre - 4 fen�tres,0,IN
F�lix-Antoine Savard (espace ouvert),Canacadre - 6 fen�tres,0,IN
F�lix-Antoine Savard (espace ouvert),Chaise Adirondack - jaune,1,IN
F�lix-Antoine Savard (espace ouvert),Chaise Adirondack - rouge,2,IN
F�lix-Antoine Savard (espace ouvert),Chaise Adirondack - grise,1,IN
F�lix-Antoine Savard (espace ouvert),Chaise Adirondack - bois (en stock),0,IN
F�lix-Antoine Savard (espace ouvert),Chaise longue - Nap et Up,0,IN
F�lix-Antoine Savard (espace ouvert),Chaise longue rouge ,0,IN
F�lix-Antoine Savard (espace ouvert),Concass� ,0,IN
F�lix-Antoine Savard (espace ouvert),Coussin,0,IN
F�lix-Antoine Savard (espace ouvert),Crochet pour plante - noir,0,IN
F�lix-Antoine Savard (espace ouvert),Foyers propane ,0,IN
F�lix-Antoine Savard (espace ouvert),Guirlande de lumi�res �lectriques ,0,IN
F�lix-Antoine Savard (espace ouvert),Hamac - suspendu,1,IN
F�lix-Antoine Savard (espace ouvert),Hamac - assis,0,IN
F�lix-Antoine Savard (espace ouvert),Hamac - couch� ,0,IN
F�lix-Antoine Savard (espace ouvert),Jardini�re,0,IN
F�lix-Antoine Savard (espace ouvert),Lampe,0,IN
F�lix-Antoine Savard (espace ouvert),Murale,0,IN
F�lix-Antoine Savard (espace ouvert),Plante artificielle - petite (Folia),0,IN
F�lix-Antoine Savard (espace ouvert),Plante artificielle - grande,1,IN
F�lix-Antoine Savard (espace ouvert),Plante naturelle - bac gris horizontal ,0,IN
F�lix-Antoine Savard (espace ouvert),Plante naturelle - bac noir horizontal ,0,IN
F�lix-Antoine Savard (espace ouvert),Plante naturelle - petite,0,IN
F�lix-Antoine Savard (espace ouvert),Plante naturelle - grande,0,IN
F�lix-Antoine Savard (espace ouvert),Pot twist grand - blanc,0,IN
F�lix-Antoine Savard (espace ouvert),Pot twist grand - or,0,IN
F�lix-Antoine Savard (espace ouvert),Pot twist grand - vert,0,IN
F�lix-Antoine Savard (espace ouvert),Pot twist moyen - rouge,0,IN
F�lix-Antoine Savard (espace ouvert),Pot twist moyen - orange ,0,IN
F�lix-Antoine Savard (espace ouvert),Pot twist moyen - or ,0,IN
F�lix-Antoine Savard (espace ouvert),Pot twist petit- rouge,0,IN
F�lix-Antoine Savard (espace ouvert),Pot twist petit- or,0,IN
F�lix-Antoine Savard (espace ouvert),Pot moyen rouge rond ,0,IN
F�lix-Antoine Savard (espace ouvert),Pot moyen bland rond ,0,IN
F�lix-Antoine Savard (espace ouvert),Pot moyen noir carr� ,0,IN
F�lix-Antoine Savard (espace ouvert),Pot moyen rouge carr� ,0,IN
F�lix-Antoine Savard (espace ouvert),Pot moyen gris carr� ,0,IN
F�lix-Antoine Savard (espace ouvert),Support � plante,0,IN
F�lix-Antoine Savard (espace ouvert),Table � pique-nique,0,IN
F�lix-Antoine Savard (espace ouvert),Table de travail r�tractable ,0,IN
F�lix-Antoine Savard (espace ouvert),Table de travail et banc rouge ,0,IN
F�lix-Antoine Savard (espace ouvert),Tableau � craie sandwich,0,IN
F�lix-Antoine Savard (espace ouvert),Tapis gazon- 13 pieds ,0,IN
F�lix-Antoine Savard (espace ouvert),Tapis gazon- 10 pieds,0,IN
F�lix-Antoine Savard (espace ouvert),Tapis gazon- 8 pieds ,0,IN
F�lix-Antoine Savard (espace ouvert),Tapis � bottes - petit,0,IN
F�lix-Antoine Savard (espace ouvert),Tapis � bottes - grand,0,IN
F�lix-Antoine Savard (espace ouvert),V�lo stationnaire,0,IN
F�lix-Antoine Savard (espace ouvert),Bean bag orange adulte tr�s sale,0,IN
Lacerte,Bac sur roulettes Costco,0,IN
Lacerte,Banc tabouret rouge,0,IN
Lacerte,Base hamac couch� ,0,IN
Lacerte,Base hamac suspendu ,0,IN
Lacerte,Base hamac rond (ne pas utiliser) ,0,IN
Lacerte,Beach flag,0,IN
Lacerte,Beach flag 6' ,0,IN
Lacerte,Bean bag - chili,1,IN
Lacerte,Bean bag - tangerine,0,IN
Lacerte,Bean bag - charbon,1,IN
Lacerte,Bean bag - onyx,0,IN
Lacerte,Bean bag - bor�al,0,IN
Lacerte,Bean bag (cadet) - chili,0,IN
Lacerte,Bean bag (cadet)- tangerine,0,IN
Lacerte,Bean bag (cadet) - charbon,0,IN
Lacerte,Bean bag (cadet) - onyx,0,IN
Lacerte,Bean bag (cadet) - bor�al,0,IN
Lacerte,Bloc de bois,2,IN
Lacerte,Boa mobilier ext�rieur,0,IN
Lacerte,Cache-pot macram�,0,IN
Lacerte,"Canacadre - sur pied � 2 mats, 27x39 base ellipse",0,IN
Lacerte,Canacadre - petit de table,0,IN
Lacerte,Canacadre - 4 fen�tres,0,IN
Lacerte,Canacadre - 6 fen�tres,0,IN
Lacerte,Chaise Adirondack - jaune,0,IN
Lacerte,Chaise Adirondack - rouge,0,IN
Lacerte,Chaise Adirondack - grise,0,IN
Lacerte,Chaise Adirondack - bois (en stock),0,IN
Lacerte,Chaise longue - Nap et Up,0,IN
Lacerte,Chaise longue rouge ,0,IN
Lacerte,Concass� ,0,IN
Lacerte,Coussin,0,IN
Lacerte,Crochet pour plante - noir,0,IN
Lacerte,Foyers propane ,0,IN
Lacerte,Guirlande de lumi�res �lectriques ,0,IN
Lacerte,Hamac - suspendu,1,IN
Lacerte,Hamac - assis,1,IN
Lacerte,Hamac - couch� ,0,IN
Lacerte,Jardini�re,0,IN
Lacerte,Lampe,0,IN
Lacerte,Murale,0,IN
Lacerte,Plante artificielle - petite (Folia),0,IN
Lacerte,Plante artificielle - grande,0,IN
Lacerte,Plante naturelle - bac gris horizontal ,0,IN
Lacerte,Plante naturelle - bac noir horizontal ,0,IN
Lacerte,Plante naturelle - petite,0,IN
Lacerte,Plante naturelle - grande,0,IN
Lacerte,Pot twist grand - blanc,0,IN
Lacerte,Pot twist grand - or,0,IN
Lacerte,Pot twist grand - vert,0,IN
Lacerte,Pot twist moyen - rouge,0,IN
Lacerte,Pot twist moyen - orange ,0,IN
Lacerte,Pot twist moyen - or ,0,IN
Lacerte,Pot twist petit- rouge,0,IN
Lacerte,Pot twist petit- or,0,IN
Lacerte,Pot moyen rouge rond ,0,IN
Lacerte,Pot moyen bland rond ,0,IN
Lacerte,Pot moyen noir carr� ,0,IN
Lacerte,Pot moyen rouge carr� ,0,IN
Lacerte,Pot moyen gris carr� ,0,IN
Lacerte,Support � plante,0,IN
Lacerte,Table � pique-nique,0,IN
Lacerte,Table de travail r�tractable ,0,IN
Lacerte,Table de travail et banc rouge ,0,IN
Lacerte,Tableau � craie sandwich,0,IN
Lacerte,Tapis gazon- 13 pieds ,0,IN
Lacerte,Tapis gazon- 10 pieds,1,IN
Lacerte,Tapis gazon- 8 pieds ,1,IN
Lacerte,Tapis � bottes - petit,0,IN
Lacerte,Tapis � bottes - grand,0,IN
Lacerte,V�lo stationnaire,0,IN
Lacerte,Bean bag orange adulte tr�s sale,0,IN
Lemieux ,Bac sur roulettes Costco,0,IN
Lemieux ,Banc tabouret rouge,0,IN
Lemieux ,Base hamac couch� ,0,IN
Lemieux ,Base hamac suspendu ,0,IN
Lemieux ,Base hamac rond (ne pas utiliser) ,0,IN
Lemieux ,Beach flag,0,IN
Lemieux ,Beach flag 6' ,0,IN
Lemieux ,Bean bag - chili,0,IN
Lemieux ,Bean bag - tangerine,0,IN
Lemieux ,Bean bag - charbon,1,IN
Lemieux ,Bean bag - onyx,0,IN
Lemieux ,Bean bag - bor�al,0,IN
Lemieux ,Bean bag (cadet) - chili,0,IN
Lemieux ,Bean bag (cadet)- tangerine,0,IN
Lemieux ,Bean bag (cadet) - charbon,0,IN
Lemieux ,Bean bag (cadet) - onyx,0,IN
Lemieux ,Bean bag (cadet) - bor�al,0,IN
Lemieux ,Bloc de bois,0,IN
Lemieux ,Boa mobilier ext�rieur,0,IN
Lemieux ,Cache-pot macram�,0,IN
Lemieux ,"Canacadre - sur pied � 2 mats, 27x39 base ellipse",0,IN
Lemieux ,Canacadre - petit de table,0,IN
Lemieux ,Canacadre - 4 fen�tres,0,IN
Lemieux ,Canacadre - 6 fen�tres,0,IN
Lemieux ,Chaise Adirondack - jaune,0,IN
Lemieux ,Chaise Adirondack - rouge,0,IN
Lemieux ,Chaise Adirondack - grise,0,IN
Lemieux ,Chaise Adirondack - bois (en stock),0,IN
Lemieux ,Chaise longue - Nap et Up,0,IN
Lemieux ,Chaise longue rouge ,0,IN
Lemieux ,Concass� ,0,IN
Lemieux ,Coussin,0,IN
Lemieux ,Crochet pour plante - noir,0,IN
Lemieux ,Foyers propane ,0,IN
Lemieux ,Guirlande de lumi�res �lectriques ,0,IN
Lemieux ,Hamac - suspendu,0,IN
Lemieux ,Hamac - assis,0,IN
Lemieux ,Hamac - couch� ,0,IN
Lemieux ,Jardini�re,0,IN
Lemieux ,Lampe,0,IN
Lemieux ,Murale,0,IN
Lemieux ,Plante artificielle - petite (Folia),0,IN
Lemieux ,Plante artificielle - grande,0,IN
Lemieux ,Plante naturelle - bac gris horizontal ,0,IN
Lemieux ,Plante naturelle - bac noir horizontal ,0,IN
Lemieux ,Plante naturelle - petite,0,IN
Lemieux ,Plante naturelle - grande,0,IN
Lemieux ,Pot twist grand - blanc,0,IN
Lemieux ,Pot twist grand - or,0,IN
Lemieux ,Pot twist grand - vert,0,IN
Lemieux ,Pot twist moyen - rouge,0,IN
Lemieux ,Pot twist moyen - orange ,0,IN
Lemieux ,Pot twist moyen - or ,0,IN
Lemieux ,Pot twist petit- rouge,0,IN
Lemieux ,Pot twist petit- or,0,IN
Lemieux ,Pot moyen rouge rond ,0,IN
Lemieux ,Pot moyen bland rond ,0,IN
Lemieux ,Pot moyen noir carr� ,0,IN
Lemieux ,Pot moyen rouge carr� ,0,IN
Lemieux ,Pot moyen gris carr� ,0,IN
Lemieux ,Support � plante,0,IN
Lemieux ,Table � pique-nique,0,IN
Lemieux ,Table de travail r�tractable ,0,IN
Lemieux ,Table de travail et banc rouge ,0,IN
Lemieux ,Tableau � craie sandwich,0,IN
Lemieux ,Tapis gazon- 13 pieds ,0,IN
Lemieux ,Tapis gazon- 10 pieds,0,IN
Lemieux ,Tapis gazon- 8 pieds ,0,IN
Lemieux ,Tapis � bottes - petit,0,IN
Lemieux ,Tapis � bottes - grand,0,IN
Lemieux ,V�lo stationnaire,0,IN
Lemieux ,Bean bag orange adulte tr�s sale,0,IN
M�decine dentaire ,Bac sur roulettes Costco,0,IN
M�decine dentaire ,Banc tabouret rouge,0,IN
M�decine dentaire ,Base hamac couch� ,1,IN
M�decine dentaire ,Base hamac suspendu ,0,IN
M�decine dentaire ,Base hamac rond (ne pas utiliser) ,0,IN
M�decine dentaire ,Beach flag,0,IN
M�decine dentaire ,Beach flag 6' ,0,IN
M�decine dentaire ,Bean bag - chili,1,IN
M�decine dentaire ,Bean bag - tangerine,0,IN
M�decine dentaire ,Bean bag - charbon,0,IN
M�decine dentaire ,Bean bag - onyx,1,IN
M�decine dentaire ,Bean bag - bor�al,0,IN
M�decine dentaire ,Bean bag (cadet) - chili,0,IN
M�decine dentaire ,Bean bag (cadet)- tangerine,0,IN
M�decine dentaire ,Bean bag (cadet) - charbon,0,IN
M�decine dentaire ,Bean bag (cadet) - onyx,0,IN
M�decine dentaire ,Bean bag (cadet) - bor�al,0,IN
M�decine dentaire ,Bloc de bois,0,IN
M�decine dentaire ,Boa mobilier ext�rieur,0,IN
M�decine dentaire ,Cache-pot macram�,0,IN
M�decine dentaire ,"Canacadre - sur pied � 2 mats, 27x39 base ellipse",0,IN
M�decine dentaire ,Canacadre - petit de table,0,IN
M�decine dentaire ,Canacadre - 4 fen�tres,0,IN
M�decine dentaire ,Canacadre - 6 fen�tres,0,IN
M�decine dentaire ,Chaise Adirondack - jaune,0,IN
M�decine dentaire ,Chaise Adirondack - rouge,1,IN
M�decine dentaire ,Chaise Adirondack - grise,0,IN
M�decine dentaire ,Chaise Adirondack - bois (en stock),0,IN
M�decine dentaire ,Chaise longue - Nap et Up,0,IN
M�decine dentaire ,Chaise longue rouge ,0,IN
M�decine dentaire ,Concass� ,0,IN
M�decine dentaire ,Coussin,0,IN
M�decine dentaire ,Crochet pour plante - noir,0,IN
M�decine dentaire ,Foyers propane ,0,IN
M�decine dentaire ,Guirlande de lumi�res �lectriques ,0,IN
M�decine dentaire ,Hamac - suspendu,0,IN
M�decine dentaire ,Hamac - assis,0,IN
M�decine dentaire ,Hamac - couch� ,1,IN
M�decine dentaire ,Jardini�re,0,IN
M�decine dentaire ,Lampe,0,IN
M�decine dentaire ,Murale,0,IN
M�decine dentaire ,Plante artificielle - petite (Folia),0,IN
M�decine dentaire ,Plante artificielle - grande,0,IN
M�decine dentaire ,Plante naturelle - bac gris horizontal ,0,IN
M�decine dentaire ,Plante naturelle - bac noir horizontal ,0,IN
M�decine dentaire ,Plante naturelle - petite,0,IN
M�decine dentaire ,Plante naturelle - grande,0,IN
M�decine dentaire ,Pot twist grand - blanc,0,IN
M�decine dentaire ,Pot twist grand - or,0,IN
M�decine dentaire ,Pot twist grand - vert,0,IN
M�decine dentaire ,Pot twist moyen - rouge,0,IN
M�decine dentaire ,Pot twist moyen - orange ,0,IN
M�decine dentaire ,Pot twist moyen - or ,0,IN
M�decine dentaire ,Pot twist petit- rouge,0,IN
M�decine dentaire ,Pot twist petit- or,0,IN
M�decine dentaire ,Pot moyen rouge rond ,0,IN
M�decine dentaire ,Pot moyen bland rond ,0,IN
M�decine dentaire ,Pot moyen noir carr� ,0,IN
M�decine dentaire ,Pot moyen rouge carr� ,0,IN
M�decine dentaire ,Pot moyen gris carr� ,0,IN
M�decine dentaire ,Support � plante,0,IN
M�decine dentaire ,Table � pique-nique,0,IN
M�decine dentaire ,Table de travail r�tractable ,0,IN
M�decine dentaire ,Table de travail et banc rouge ,0,IN
M�decine dentaire ,Tableau � craie sandwich,0,IN
M�decine dentaire ,Tapis gazon- 13 pieds ,0,IN
M�decine dentaire ,Tapis gazon- 10 pieds,1,IN
M�decine dentaire ,Tapis gazon- 8 pieds ,1,IN
M�decine dentaire ,Tapis � bottes - petit,0,IN
M�decine dentaire ,Tapis � bottes - grand,0,IN
M�decine dentaire ,V�lo stationnaire,0,IN
M�decine dentaire ,Bean bag orange adulte tr�s sale,0,IN
M�decine dentaire 2e �tage (vendu),Bac sur roulettes Costco,0,IN
M�decine dentaire 2e �tage (vendu),Banc tabouret rouge,0,IN
M�decine dentaire 2e �tage (vendu),Base hamac couch� ,0,IN
M�decine dentaire 2e �tage (vendu),Base hamac suspendu ,1,IN
M�decine dentaire 2e �tage (vendu),Base hamac rond (ne pas utiliser) ,0,IN
M�decine dentaire 2e �tage (vendu),Beach flag,0,IN
M�decine dentaire 2e �tage (vendu),Beach flag 6' ,0,IN
M�decine dentaire 2e �tage (vendu),Bean bag - chili,1,IN
M�decine dentaire 2e �tage (vendu),Bean bag - tangerine,0,IN
M�decine dentaire 2e �tage (vendu),Bean bag - charbon,0,IN
M�decine dentaire 2e �tage (vendu),Bean bag - onyx,0,IN
M�decine dentaire 2e �tage (vendu),Bean bag - bor�al,0,IN
M�decine dentaire 2e �tage (vendu),Bean bag (cadet) - chili,0,IN
M�decine dentaire 2e �tage (vendu),Bean bag (cadet)- tangerine,1,IN
M�decine dentaire 2e �tage (vendu),Bean bag (cadet) - charbon,0,IN
M�decine dentaire 2e �tage (vendu),Bean bag (cadet) - onyx,0,IN
M�decine dentaire 2e �tage (vendu),Bean bag (cadet) - bor�al,0,IN
M�decine dentaire 2e �tage (vendu),Bloc de bois,0,IN
M�decine dentaire 2e �tage (vendu),Boa mobilier ext�rieur,0,IN
M�decine dentaire 2e �tage (vendu),Cache-pot macram�,0,IN
M�decine dentaire 2e �tage (vendu),"Canacadre - sur pied � 2 mats, 27x39 base ellipse",0,IN
M�decine dentaire 2e �tage (vendu),Canacadre - petit de table,0,IN
M�decine dentaire 2e �tage (vendu),Canacadre - 4 fen�tres,0,IN
M�decine dentaire 2e �tage (vendu),Canacadre - 6 fen�tres,0,IN
M�decine dentaire 2e �tage (vendu),Chaise Adirondack - jaune,0,IN
M�decine dentaire 2e �tage (vendu),Chaise Adirondack - rouge,0,IN
M�decine dentaire 2e �tage (vendu),Chaise Adirondack - grise,0,IN
M�decine dentaire 2e �tage (vendu),Chaise Adirondack - bois (en stock),0,IN
M�decine dentaire 2e �tage (vendu),Chaise longue - Nap et Up,0,IN
M�decine dentaire 2e �tage (vendu),Chaise longue rouge ,0,IN
M�decine dentaire 2e �tage (vendu),Concass� ,0,IN
M�decine dentaire 2e �tage (vendu),Coussin,0,IN
M�decine dentaire 2e �tage (vendu),Crochet pour plante - noir,0,IN
M�decine dentaire 2e �tage (vendu),Foyers propane ,0,IN
M�decine dentaire 2e �tage (vendu),Guirlande de lumi�res �lectriques ,0,IN
M�decine dentaire 2e �tage (vendu),Hamac - suspendu,1,IN
M�decine dentaire 2e �tage (vendu),Hamac - assis,0,IN
M�decine dentaire 2e �tage (vendu),Hamac - couch� ,0,IN
M�decine dentaire 2e �tage (vendu),Jardini�re,0,IN
M�decine dentaire 2e �tage (vendu),Lampe,0,IN
M�decine dentaire 2e �tage (vendu),Murale,0,IN
M�decine dentaire 2e �tage (vendu),Plante artificielle - petite (Folia),0,IN
M�decine dentaire 2e �tage (vendu),Plante artificielle - grande,0,IN
M�decine dentaire 2e �tage (vendu),Plante naturelle - bac gris horizontal ,0,IN
M�decine dentaire 2e �tage (vendu),Plante naturelle - bac noir horizontal ,0,IN
M�decine dentaire 2e �tage (vendu),Plante naturelle - petite,0,IN
M�decine dentaire 2e �tage (vendu),Plante naturelle - grande,0,IN
M�decine dentaire 2e �tage (vendu),Pot twist grand - blanc,0,IN
M�decine dentaire 2e �tage (vendu),Pot twist grand - or,0,IN
M�decine dentaire 2e �tage (vendu),Pot twist grand - vert,0,IN
M�decine dentaire 2e �tage (vendu),Pot twist moyen - rouge,0,IN
M�decine dentaire 2e �tage (vendu),Pot twist moyen - orange ,0,IN
M�decine dentaire 2e �tage (vendu),Pot twist moyen - or ,0,IN
M�decine dentaire 2e �tage (vendu),Pot twist petit- rouge,0,IN
M�decine dentaire 2e �tage (vendu),Pot twist petit- or,0,IN
M�decine dentaire 2e �tage (vendu),Pot moyen rouge rond ,0,IN
M�decine dentaire 2e �tage (vendu),Pot moyen bland rond ,0,IN
M�decine dentaire 2e �tage (vendu),Pot moyen noir carr� ,0,IN
M�decine dentaire 2e �tage (vendu),Pot moyen rouge carr� ,0,IN
M�decine dentaire 2e �tage (vendu),Pot moyen gris carr� ,0,IN
M�decine dentaire 2e �tage (vendu),Support � plante,0,IN
M�decine dentaire 2e �tage (vendu),Table � pique-nique,0,IN
M�decine dentaire 2e �tage (vendu),Table de travail r�tractable ,0,IN
M�decine dentaire 2e �tage (vendu),Table de travail et banc rouge ,0,IN
M�decine dentaire 2e �tage (vendu),Tableau � craie sandwich,0,IN
M�decine dentaire 2e �tage (vendu),Tapis gazon- 13 pieds ,0,IN
M�decine dentaire 2e �tage (vendu),Tapis gazon- 10 pieds,1,IN
M�decine dentaire 2e �tage (vendu),Tapis gazon- 8 pieds ,1,IN
M�decine dentaire 2e �tage (vendu),Tapis � bottes - petit,0,IN
M�decine dentaire 2e �tage (vendu),Tapis � bottes - grand,0,IN
M�decine dentaire 2e �tage (vendu),V�lo stationnaire,0,IN
M�decine dentaire 2e �tage (vendu),Bean bag orange adulte tr�s sale,0,IN
Palasis-Prince (rez de jardin) ,Bac sur roulettes Costco,0,IN
Palasis-Prince (rez de jardin) ,Banc tabouret rouge,0,IN
Palasis-Prince (rez de jardin) ,Base hamac couch� ,0,IN
Palasis-Prince (rez de jardin) ,Base hamac suspendu ,2,IN
Palasis-Prince (rez de jardin) ,Base hamac rond (ne pas utiliser) ,0,IN
Palasis-Prince (rez de jardin) ,Beach flag,0,IN
Palasis-Prince (rez de jardin) ,Beach flag 6' ,0,IN
Palasis-Prince (rez de jardin) ,Bean bag - chili,2,IN
Palasis-Prince (rez de jardin) ,Bean bag - tangerine,0,IN
Palasis-Prince (rez de jardin) ,Bean bag - charbon,1,IN
Palasis-Prince (rez de jardin) ,Bean bag - onyx,0,IN
Palasis-Prince (rez de jardin) ,Bean bag - bor�al,0,IN
Palasis-Prince (rez de jardin) ,Bean bag (cadet) - chili,0,IN
Palasis-Prince (rez de jardin) ,Bean bag (cadet)- tangerine,0,IN
Palasis-Prince (rez de jardin) ,Bean bag (cadet) - charbon,1,IN
Palasis-Prince (rez de jardin) ,Bean bag (cadet) - onyx,0,IN
Palasis-Prince (rez de jardin) ,Bean bag (cadet) - bor�al,0,IN
Palasis-Prince (rez de jardin) ,Bloc de bois,0,IN
Palasis-Prince (rez de jardin) ,Boa mobilier ext�rieur,0,IN
Palasis-Prince (rez de jardin) ,Cache-pot macram�,0,IN
Palasis-Prince (rez de jardin) ,"Canacadre - sur pied � 2 mats, 27x39 base ellipse",0,IN
Palasis-Prince (rez de jardin) ,Canacadre - petit de table,0,IN
Palasis-Prince (rez de jardin) ,Canacadre - 4 fen�tres,1,IN
Palasis-Prince (rez de jardin) ,Canacadre - 6 fen�tres,0,IN
Palasis-Prince (rez de jardin) ,Chaise Adirondack - jaune,2,IN
Palasis-Prince (rez de jardin) ,Chaise Adirondack - rouge,1,IN
Palasis-Prince (rez de jardin) ,Chaise Adirondack - grise,0,IN
Palasis-Prince (rez de jardin) ,Chaise Adirondack - bois (en stock),0,IN
Palasis-Prince (rez de jardin) ,Chaise longue - Nap et Up,0,IN
Palasis-Prince (rez de jardin) ,Chaise longue rouge ,0,IN
Palasis-Prince (rez de jardin) ,Concass� ,0,IN
Palasis-Prince (rez de jardin) ,Coussin,0,IN
Palasis-Prince (rez de jardin) ,Crochet pour plante - noir,0,IN
Palasis-Prince (rez de jardin) ,Foyers propane ,0,IN
Palasis-Prince (rez de jardin) ,Guirlande de lumi�res �lectriques ,0,IN
Palasis-Prince (rez de jardin) ,Hamac - suspendu,0,IN
Palasis-Prince (rez de jardin) ,Hamac - assis,2,IN
Palasis-Prince (rez de jardin) ,Hamac - couch� ,1,IN
Palasis-Prince (rez de jardin) ,Jardini�re,0,IN
Palasis-Prince (rez de jardin) ,Lampe,0,IN
Palasis-Prince (rez de jardin) ,Murale,0,IN
Palasis-Prince (rez de jardin) ,Plante artificielle - petite (Folia),0,IN
Palasis-Prince (rez de jardin) ,Plante artificielle - grande,0,IN
Palasis-Prince (rez de jardin) ,Plante naturelle - bac gris horizontal ,0,IN
Palasis-Prince (rez de jardin) ,Plante naturelle - bac noir horizontal ,0,IN
Palasis-Prince (rez de jardin) ,Plante naturelle - petite,0,IN
Palasis-Prince (rez de jardin) ,Plante naturelle - grande,0,IN
Palasis-Prince (rez de jardin) ,Pot twist grand - blanc,0,IN
Palasis-Prince (rez de jardin) ,Pot twist grand - or,0,IN
Palasis-Prince (rez de jardin) ,Pot twist grand - vert,0,IN
Palasis-Prince (rez de jardin) ,Pot twist moyen - rouge,0,IN
Palasis-Prince (rez de jardin) ,Pot twist moyen - orange ,0,IN
Palasis-Prince (rez de jardin) ,Pot twist moyen - or ,0,IN
Palasis-Prince (rez de jardin) ,Pot twist petit- rouge,0,IN
Palasis-Prince (rez de jardin) ,Pot twist petit- or,0,IN
Palasis-Prince (rez de jardin) ,Pot moyen rouge rond ,0,IN
Palasis-Prince (rez de jardin) ,Pot moyen bland rond ,0,IN
Palasis-Prince (rez de jardin) ,Pot moyen noir carr� ,0,IN
Palasis-Prince (rez de jardin) ,Pot moyen rouge carr� ,0,IN
Palasis-Prince (rez de jardin) ,Pot moyen gris carr� ,0,IN
Palasis-Prince (rez de jardin) ,Support � plante,0,IN
Palasis-Prince (rez de jardin) ,Table � pique-nique,0,IN
Palasis-Prince (rez de jardin) ,Table de travail r�tractable ,0,IN
Palasis-Prince (rez de jardin) ,Table de travail et banc rouge ,0,IN
Palasis-Prince (rez de jardin) ,Tableau � craie sandwich,0,IN
Palasis-Prince (rez de jardin) ,Tapis gazon- 13 pieds ,0,IN
Palasis-Prince (rez de jardin) ,Tapis gazon- 10 pieds,3,IN
Palasis-Prince (rez de jardin) ,Tapis gazon- 8 pieds ,0,IN
Palasis-Prince (rez de jardin) ,Tapis � bottes - petit,0,IN
Palasis-Prince (rez de jardin) ,Tapis � bottes - grand,0,IN
Palasis-Prince (rez de jardin) ,V�lo stationnaire,0,IN
Palasis-Prince (rez de jardin) ,Bean bag orange adulte tr�s sale,0,IN
PEPS ,Bac sur roulettes Costco,0,IN
PEPS ,Banc tabouret rouge,0,IN
PEPS ,Base hamac couch� ,0,IN
PEPS ,Base hamac suspendu ,0,IN
PEPS ,Base hamac rond (ne pas utiliser) ,0,IN
PEPS ,Beach flag,0,IN
PEPS ,Beach flag 6' ,0,IN
PEPS ,Bean bag - chili,0,IN
PEPS ,Bean bag - tangerine,0,IN
PEPS ,Bean bag - charbon,0,IN
PEPS ,Bean bag - onyx,0,IN
PEPS ,Bean bag - bor�al,0,IN
PEPS ,Bean bag (cadet) - chili,0,IN
PEPS ,Bean bag (cadet)- tangerine,0,IN
PEPS ,Bean bag (cadet) - charbon,0,IN
PEPS ,Bean bag (cadet) - onyx,0,IN
PEPS ,Bean bag (cadet) - bor�al,0,IN
PEPS ,Bloc de bois,0,IN
PEPS ,Boa mobilier ext�rieur,0,IN
PEPS ,Cache-pot macram�,0,IN
PEPS ,"Canacadre - sur pied � 2 mats, 27x39 base ellipse",0,IN
PEPS ,Canacadre - petit de table,0,IN
PEPS ,Canacadre - 4 fen�tres,0,IN
PEPS ,Canacadre - 6 fen�tres,0,IN
PEPS ,Chaise Adirondack - jaune,0,IN
PEPS ,Chaise Adirondack - rouge,0,IN
PEPS ,Chaise Adirondack - grise,0,IN
PEPS ,Chaise Adirondack - bois (en stock),0,IN
PEPS ,Chaise longue - Nap et Up,1,IN
PEPS ,Chaise longue rouge ,0,IN
PEPS ,Concass� ,0,IN
PEPS ,Coussin,0,IN
PEPS ,Crochet pour plante - noir,0,IN
PEPS ,Foyers propane ,0,IN
PEPS ,Guirlande de lumi�res �lectriques ,0,IN
PEPS ,Hamac - suspendu,0,IN
PEPS ,Hamac - assis,0,IN
PEPS ,Hamac - couch� ,1,IN
PEPS ,Jardini�re,0,IN
PEPS ,Lampe,0,IN
PEPS ,Murale,0,IN
PEPS ,Plante artificielle - petite (Folia),0,IN
PEPS ,Plante artificielle - grande,1,IN
PEPS ,Plante naturelle - bac gris horizontal ,0,IN
PEPS ,Plante naturelle - bac noir horizontal ,0,IN
PEPS ,Plante naturelle - petite,0,IN
PEPS ,Plante naturelle - grande,0,IN
PEPS ,Pot twist grand - blanc,0,IN
PEPS ,Pot twist grand - or,0,IN
PEPS ,Pot twist grand - vert,0,IN
PEPS ,Pot twist moyen - rouge,0,IN
PEPS ,Pot twist moyen - orange ,0,IN
PEPS ,Pot twist moyen - or ,0,IN
PEPS ,Pot twist petit- rouge,0,IN
PEPS ,Pot twist petit- or,0,IN
PEPS ,Pot moyen rouge rond ,0,IN
PEPS ,Pot moyen bland rond ,0,IN
PEPS ,Pot moyen noir carr� ,0,IN
PEPS ,Pot moyen rouge carr� ,0,IN
PEPS ,Pot moyen gris carr� ,0,IN
PEPS ,Support � plante,0,IN
PEPS ,Table � pique-nique,0,IN
PEPS ,Table de travail r�tractable ,0,IN
PEPS ,Table de travail et banc rouge ,0,IN
PEPS ,Tableau � craie sandwich,0,IN
PEPS ,Tapis gazon- 13 pieds ,0,IN
PEPS ,Tapis gazon- 10 pieds,3,IN
PEPS ,Tapis gazon- 8 pieds ,0,IN
PEPS ,Tapis � bottes - petit,0,IN
PEPS ,Tapis � bottes - grand,1,IN
PEPS ,V�lo stationnaire,0,IN
PEPS ,Bean bag orange adulte tr�s sale,0,IN
Tour des sciences de l'�ducation (quantit�),Bac sur roulettes Costco,0,IN
Tour des sciences de l'�ducation (quantit�),Banc tabouret rouge,0,IN
Tour des sciences de l'�ducation (quantit�),Base hamac couch� ,0,IN
Tour des sciences de l'�ducation (quantit�),Base hamac suspendu ,0,IN
Tour des sciences de l'�ducation (quantit�),Base hamac rond (ne pas utiliser) ,0,IN
Tour des sciences de l'�ducation (quantit�),Beach flag,0,IN
Tour des sciences de l'�ducation (quantit�),Beach flag 6' ,0,IN
Tour des sciences de l'�ducation (quantit�),Bean bag - chili,0,IN
Tour des sciences de l'�ducation (quantit�),Bean bag - tangerine,0,IN
Tour des sciences de l'�ducation (quantit�),Bean bag - charbon,0,IN
Tour des sciences de l'�ducation (quantit�),Bean bag - onyx,0,IN
Tour des sciences de l'�ducation (quantit�),Bean bag - bor�al,0,IN
Tour des sciences de l'�ducation (quantit�),Bean bag (cadet) - chili,0,IN
Tour des sciences de l'�ducation (quantit�),Bean bag (cadet)- tangerine,0,IN
Tour des sciences de l'�ducation (quantit�),Bean bag (cadet) - charbon,0,IN
Tour des sciences de l'�ducation (quantit�),Bean bag (cadet) - onyx,0,IN
Tour des sciences de l'�ducation (quantit�),Bean bag (cadet) - bor�al,0,IN
Tour des sciences de l'�ducation (quantit�),Bloc de bois,0,IN
Tour des sciences de l'�ducation (quantit�),Boa mobilier ext�rieur,0,IN
Tour des sciences de l'�ducation (quantit�),Cache-pot macram�,0,IN
Tour des sciences de l'�ducation (quantit�),"Canacadre - sur pied � 2 mats, 27x39 base ellipse",0,IN
Tour des sciences de l'�ducation (quantit�),Canacadre - petit de table,0,IN
Tour des sciences de l'�ducation (quantit�),Canacadre - 4 fen�tres,0,IN
Tour des sciences de l'�ducation (quantit�),Canacadre - 6 fen�tres,0,IN
Tour des sciences de l'�ducation (quantit�),Chaise Adirondack - jaune,0,IN
Tour des sciences de l'�ducation (quantit�),Chaise Adirondack - rouge,0,IN
Tour des sciences de l'�ducation (quantit�),Chaise Adirondack - grise,0,IN
Tour des sciences de l'�ducation (quantit�),Chaise Adirondack - bois (en stock),0,IN
Tour des sciences de l'�ducation (quantit�),Chaise longue - Nap et Up,0,IN
Tour des sciences de l'�ducation (quantit�),Chaise longue rouge ,0,IN
Tour des sciences de l'�ducation (quantit�),Concass� ,0,IN
Tour des sciences de l'�ducation (quantit�),Coussin,0,IN
Tour des sciences de l'�ducation (quantit�),Crochet pour plante - noir,2,IN
Tour des sciences de l'�ducation (quantit�),Foyers propane ,0,IN
Tour des sciences de l'�ducation (quantit�),Guirlande de lumi�res �lectriques ,0,IN
Tour des sciences de l'�ducation (quantit�),Hamac - suspendu,0,IN
Tour des sciences de l'�ducation (quantit�),Hamac - assis,0,IN
Tour des sciences de l'�ducation (quantit�),Hamac - couch� ,0,IN
Tour des sciences de l'�ducation (quantit�),Jardini�re,2,IN
Tour des sciences de l'�ducation (quantit�),Lampe,0,IN
Tour des sciences de l'�ducation (quantit�),Murale,1,IN
Tour des sciences de l'�ducation (quantit�),Plante artificielle - petite (Folia),0,IN
Tour des sciences de l'�ducation (quantit�),Plante artificielle - grande,0,IN
Tour des sciences de l'�ducation (quantit�),Plante naturelle - bac gris horizontal ,0,IN
Tour des sciences de l'�ducation (quantit�),Plante naturelle - bac noir horizontal ,0,IN
Tour des sciences de l'�ducation (quantit�),Plante naturelle - petite,2,IN
Tour des sciences de l'�ducation (quantit�),Plante naturelle - grande,1,IN
Tour des sciences de l'�ducation (quantit�),Pot twist grand - blanc,0,IN
Tour des sciences de l'�ducation (quantit�),Pot twist grand - or,0,IN
Tour des sciences de l'�ducation (quantit�),Pot twist grand - vert,0,IN
Tour des sciences de l'�ducation (quantit�),Pot twist moyen - rouge,0,IN
Tour des sciences de l'�ducation (quantit�),Pot twist moyen - orange ,0,IN
Tour des sciences de l'�ducation (quantit�),Pot twist moyen - or ,0,IN
Tour des sciences de l'�ducation (quantit�),Pot twist petit- rouge,0,IN
Tour des sciences de l'�ducation (quantit�),Pot twist petit- or,0,IN
Tour des sciences de l'�ducation (quantit�),Pot moyen rouge rond ,0,IN
Tour des sciences de l'�ducation (quantit�),Pot moyen bland rond ,0,IN
Tour des sciences de l'�ducation (quantit�),Pot moyen noir carr� ,0,IN
Tour des sciences de l'�ducation (quantit�),Pot moyen rouge carr� ,0,IN
Tour des sciences de l'�ducation (quantit�),Pot moyen gris carr� ,0,IN
Tour des sciences de l'�ducation (quantit�),Support � plante,0,IN
Tour des sciences de l'�ducation (quantit�),Table � pique-nique,0,IN
Tour des sciences de l'�ducation (quantit�),Table de travail r�tractable ,0,IN
Tour des sciences de l'�ducation (quantit�),Table de travail et banc rouge ,0,IN
Tour des sciences de l'�ducation (quantit�),Tableau � craie sandwich,0,IN
Tour des sciences de l'�ducation (quantit�),Tapis gazon- 13 pieds ,1,IN
Tour des sciences de l'�ducation (quantit�),Tapis gazon- 10 pieds,0,IN
Tour des sciences de l'�ducation (quantit�),Tapis gazon- 8 pieds ,0,IN
Tour des sciences de l'�ducation (quantit�),Tapis � bottes - petit,0,IN
Tour des sciences de l'�ducation (quantit�),Tapis � bottes - grand,0,IN
Tour des sciences de l'�ducation (quantit�),V�lo stationnaire,0,IN
Tour des sciences de l'�ducation (quantit�),Bean bag orange adulte tr�s sale,0,IN
Vachon ,Bac sur roulettes Costco,0,IN
Vachon ,Banc tabouret rouge,0,IN
Vachon ,Base hamac couch� ,0,IN
Vachon ,Base hamac suspendu ,0,IN
Vachon ,Base hamac rond (ne pas utiliser) ,0,IN
Vachon ,Beach flag,1,IN
Vachon ,Beach flag 6' ,0,IN
Vachon ,Bean bag - chili,1,IN
Vachon ,Bean bag - tangerine,0,IN
Vachon ,Bean bag - charbon,0,IN
Vachon ,Bean bag - onyx,1,IN
Vachon ,Bean bag - bor�al,0,IN
Vachon ,Bean bag (cadet) - chili,0,IN
Vachon ,Bean bag (cadet)- tangerine,0,IN
Vachon ,Bean bag (cadet) - charbon,0,IN
Vachon ,Bean bag (cadet) - onyx,0,IN
Vachon ,Bean bag (cadet) - bor�al,0,IN
Vachon ,Bloc de bois,0,IN
Vachon ,Boa mobilier ext�rieur,0,IN
Vachon ,Cache-pot macram�,0,IN
Vachon ,"Canacadre - sur pied � 2 mats, 27x39 base ellipse",1,IN
Vachon ,Canacadre - petit de table,0,IN
Vachon ,Canacadre - 4 fen�tres,0,IN
Vachon ,Canacadre - 6 fen�tres,0,IN
Vachon ,Chaise Adirondack - jaune,1,IN
Vachon ,Chaise Adirondack - rouge,1,IN
Vachon ,Chaise Adirondack - grise,2,IN
Vachon ,Chaise Adirondack - bois (en stock),0,IN
Vachon ,Chaise longue - Nap et Up,0,IN
Vachon ,Chaise longue rouge ,0,IN
Vachon ,Concass� ,0,IN
Vachon ,Coussin,0,IN
Vachon ,Crochet pour plante - noir,0,IN
Vachon ,Foyers propane ,0,IN
Vachon ,Guirlande de lumi�res �lectriques ,0,IN
Vachon ,Hamac - suspendu,2,IN
Vachon ,Hamac - assis,0,IN
Vachon ,Hamac - couch� ,0,IN
Vachon ,Jardini�re,0,IN
Vachon ,Lampe,0,IN
Vachon ,Murale,0,IN
Vachon ,Plante artificielle - petite (Folia),0,IN
Vachon ,Plante artificielle - grande,0,IN
Vachon ,Plante naturelle - bac gris horizontal ,2,IN
Vachon ,Plante naturelle - bac noir horizontal ,0,IN
Vachon ,Plante naturelle - petite,0,IN
Vachon ,Plante naturelle - grande,0,IN
Vachon ,Pot twist grand - blanc,0,IN
Vachon ,Pot twist grand - or,0,IN
Vachon ,Pot twist grand - vert,0,IN
Vachon ,Pot twist moyen - rouge,0,IN
Vachon ,Pot twist moyen - orange ,0,IN
Vachon ,Pot twist moyen - or ,0,IN
Vachon ,Pot twist petit- rouge,0,IN
Vachon ,Pot twist petit- or,0,IN
Vachon ,Pot moyen rouge rond ,0,IN
Vachon ,Pot moyen bland rond ,0,IN
Vachon ,Pot moyen noir carr� ,0,IN
Vachon ,Pot moyen rouge carr� ,0,IN
Vachon ,Pot moyen gris carr� ,0,IN
Vachon ,Support � plante,0,IN
Vachon ,Table � pique-nique,0,IN
Vachon ,Table de travail r�tractable ,0,IN
Vachon ,Table de travail et banc rouge ,0,IN
Vachon ,Tableau � craie sandwich,0,IN
Vachon ,Tapis gazon- 13 pieds ,0,IN
Vachon ,Tapis gazon- 10 pieds,3,IN
Vachon ,Tapis gazon- 8 pieds ,0,IN
Vachon ,Tapis � bottes - petit,0,IN
Vachon ,Tapis � bottes - grand,1,IN
Vachon ,V�lo stationnaire,0,IN
Vachon ,Bean bag orange adulte tr�s sale,0,IN
Vandry ,Bac sur roulettes Costco,0,IN
Vandry ,Banc tabouret rouge,0,IN
Vandry ,Base hamac couch� ,0,IN
Vandry ,Base hamac suspendu ,0,IN
Vandry ,Base hamac rond (ne pas utiliser) ,0,IN
Vandry ,Beach flag,0,IN
Vandry ,Beach flag 6' ,0,IN
Vandry ,Bean bag - chili,1,IN
Vandry ,Bean bag - tangerine,0,IN
Vandry ,Bean bag - charbon,1,IN
Vandry ,Bean bag - onyx,0,IN
Vandry ,Bean bag - bor�al,0,IN
Vandry ,Bean bag (cadet) - chili,0,IN
Vandry ,Bean bag (cadet)- tangerine,1,IN
Vandry ,Bean bag (cadet) - charbon,0,IN
Vandry ,Bean bag (cadet) - onyx,0,IN
Vandry ,Bean bag (cadet) - bor�al,0,IN
Vandry ,Bloc de bois,0,IN
Vandry ,Boa mobilier ext�rieur,0,IN
Vandry ,Cache-pot macram�,0,IN
Vandry ,"Canacadre - sur pied � 2 mats, 27x39 base ellipse",1,IN
Vandry ,Canacadre - petit de table,0,IN
Vandry ,Canacadre - 4 fen�tres,0,IN
Vandry ,Canacadre - 6 fen�tres,1,IN
Vandry ,Chaise Adirondack - jaune,0,IN
Vandry ,Chaise Adirondack - rouge,1,IN
Vandry ,Chaise Adirondack - grise,1,IN
Vandry ,Chaise Adirondack - bois (en stock),0,IN
Vandry ,Chaise longue - Nap et Up,0,IN
Vandry ,Chaise longue rouge ,0,IN
Vandry ,Concass� ,0,IN
Vandry ,Coussin,0,IN
Vandry ,Crochet pour plante - noir,0,IN
Vandry ,Foyers propane ,0,IN
Vandry ,Guirlande de lumi�res �lectriques ,0,IN
Vandry ,Hamac - suspendu,0,IN
Vandry ,Hamac - assis,2,IN
Vandry ,Hamac - couch� ,1,IN
Vandry ,Jardini�re,0,IN
Vandry ,Lampe,0,IN
Vandry ,Murale,0,IN
Vandry ,Plante artificielle - petite (Folia),0,IN
Vandry ,Plante artificielle - grande,0,IN
Vandry ,Plante naturelle - bac gris horizontal ,0,IN
Vandry ,Plante naturelle - bac noir horizontal ,0,IN
Vandry ,Plante naturelle - petite,0,IN
Vandry ,Plante naturelle - grande,0,IN
Vandry ,Pot twist grand - blanc,0,IN
Vandry ,Pot twist grand - or,0,IN
Vandry ,Pot twist grand - vert,0,IN
Vandry ,Pot twist moyen - rouge,0,IN
Vandry ,Pot twist moyen - orange ,0,IN
Vandry ,Pot twist moyen - or ,0,IN
Vandry ,Pot twist petit- rouge,0,IN
Vandry ,Pot twist petit- or,0,IN
Vandry ,Pot moyen rouge rond ,0,IN
Vandry ,Pot moyen bland rond ,0,IN
Vandry ,Pot moyen noir carr� ,0,IN
Vandry ,Pot moyen rouge carr� ,0,IN
Vandry ,Pot moyen gris carr� ,0,IN
Vandry ,Support � plante,0,IN
Vandry ,Table � pique-nique,0,IN
Vandry ,Table de travail r�tractable ,0,IN
Vandry ,Table de travail et banc rouge ,0,IN
Vandry ,Tableau � craie sandwich,0,IN
Vandry ,Tapis gazon- 13 pieds ,0,IN
Vandry ,Tapis gazon- 10 pieds,6,IN
Vandry ,Tapis gazon- 8 pieds ,0,IN
Vandry ,Tapis � bottes - petit,1,IN
Vandry ,Tapis � bottes - grand,0,IN
Vandry ,V�lo stationnaire,0,IN
Vandry ,Bean bag orange adulte tr�s sale,0,IN
R�sidence Parent,Bac sur roulettes Costco,0,IN
R�sidence Parent,Banc tabouret rouge,0,IN
R�sidence Parent,Base hamac couch� ,0,IN
R�sidence Parent,Base hamac suspendu ,0,IN
R�sidence Parent,Base hamac rond (ne pas utiliser) ,0,IN
R�sidence Parent,Beach flag,0,IN
R�sidence Parent,Beach flag 6' ,0,IN
R�sidence Parent,Bean bag - chili,1,IN
R�sidence Parent,Bean bag - tangerine,1,IN
R�sidence Parent,Bean bag - charbon,0,IN
R�sidence Parent,Bean bag - onyx,0,IN
R�sidence Parent,Bean bag - bor�al,0,IN
R�sidence Parent,Bean bag (cadet) - chili,0,IN
R�sidence Parent,Bean bag (cadet)- tangerine,0,IN
R�sidence Parent,Bean bag (cadet) - charbon,0,IN
R�sidence Parent,Bean bag (cadet) - onyx,0,IN
R�sidence Parent,Bean bag (cadet) - bor�al,0,IN
R�sidence Parent,Bloc de bois,0,IN
R�sidence Parent,Boa mobilier ext�rieur,0,IN
R�sidence Parent,Cache-pot macram�,0,IN
R�sidence Parent,"Canacadre - sur pied � 2 mats, 27x39 base ellipse",0,IN
R�sidence Parent,Canacadre - petit de table,0,IN
R�sidence Parent,Canacadre - 4 fen�tres,0,IN
R�sidence Parent,Canacadre - 6 fen�tres,1,IN
R�sidence Parent,Chaise Adirondack - jaune,0,IN
R�sidence Parent,Chaise Adirondack - rouge,2,IN
R�sidence Parent,Chaise Adirondack - grise,1,IN
R�sidence Parent,Chaise Adirondack - bois (en stock),0,IN
R�sidence Parent,Chaise longue - Nap et Up,0,IN
R�sidence Parent,Chaise longue rouge ,0,IN
R�sidence Parent,Concass� ,0,IN
R�sidence Parent,Coussin,0,IN
R�sidence Parent,Crochet pour plante - noir,0,IN
R�sidence Parent,Foyers propane ,0,IN
R�sidence Parent,Guirlande de lumi�res �lectriques ,0,IN
R�sidence Parent,Hamac - suspendu,0,IN
R�sidence Parent,Hamac - assis,1,IN
R�sidence Parent,Hamac - couch� ,0,IN
R�sidence Parent,Jardini�re,0,IN
R�sidence Parent,Lampe,0,IN
R�sidence Parent,Murale,0,IN
R�sidence Parent,Plante artificielle - petite (Folia),0,IN
R�sidence Parent,Plante artificielle - grande,0,IN
R�sidence Parent,Plante naturelle - bac gris horizontal ,0,IN
R�sidence Parent,Plante naturelle - bac noir horizontal ,0,IN
R�sidence Parent,Plante naturelle - petite,0,IN
R�sidence Parent,Plante naturelle - grande,0,IN
R�sidence Parent,Pot twist grand - blanc,0,IN
R�sidence Parent,Pot twist grand - or,0,IN
R�sidence Parent,Pot twist grand - vert,0,IN
R�sidence Parent,Pot twist moyen - rouge,0,IN
R�sidence Parent,Pot twist moyen - orange ,0,IN
R�sidence Parent,Pot twist moyen - or ,0,IN
R�sidence Parent,Pot twist petit- rouge,0,IN
R�sidence Parent,Pot twist petit- or,0,IN
R�sidence Parent,Pot moyen rouge rond ,0,IN
R�sidence Parent,Pot moyen bland rond ,0,IN
R�sidence Parent,Pot moyen noir carr� ,0,IN
R�sidence Parent,Pot moyen rouge carr� ,0,IN
R�sidence Parent,Pot moyen gris carr� ,0,IN
R�sidence Parent,Support � plante,0,IN
R�sidence Parent,Table � pique-nique,0,IN
R�sidence Parent,Table de travail r�tractable ,0,IN
R�sidence Parent,Table de travail et banc rouge ,0,IN
R�sidence Parent,Tableau � craie sandwich,0,IN
R�sidence Parent,Tapis gazon- 13 pieds ,0,IN
R�sidence Parent,Tapis gazon- 10 pieds,2,IN
R�sidence Parent,Tapis gazon- 8 pieds ,0,IN
R�sidence Parent,Tapis � bottes - petit,1,IN
R�sidence Parent,Tapis � bottes - grand,0,IN
R�sidence Parent,V�lo stationnaire,0,IN
R�sidence Parent,Bean bag orange adulte tr�s sale,0,IN
Cercle des Premiers Peuples ,Bac sur roulettes Costco,0,IN
Cercle des Premiers Peuples ,Banc tabouret rouge,0,IN
Cercle des Premiers Peuples ,Base hamac couch� ,0,IN
Cercle des Premiers Peuples ,Base hamac suspendu ,0,IN
Cercle des Premiers Peuples ,Base hamac rond (ne pas utiliser) ,0,IN
Cercle des Premiers Peuples ,Beach flag,0,IN
Cercle des Premiers Peuples ,Beach flag 6' ,0,IN
Cercle des Premiers Peuples ,Bean bag - chili,0,IN
Cercle des Premiers Peuples ,Bean bag - tangerine,0,IN
Cercle des Premiers Peuples ,Bean bag - charbon,0,IN
Cercle des Premiers Peuples ,Bean bag - onyx,0,IN
Cercle des Premiers Peuples ,Bean bag - bor�al,0,IN
Cercle des Premiers Peuples ,Bean bag (cadet) - chili,0,IN
Cercle des Premiers Peuples ,Bean bag (cadet)- tangerine,1,IN
Cercle des Premiers Peuples ,Bean bag (cadet) - charbon,1,IN
Cercle des Premiers Peuples ,Bean bag (cadet) - onyx,0,IN
Cercle des Premiers Peuples ,Bean bag (cadet) - bor�al,1,IN
Cercle des Premiers Peuples ,Bloc de bois,0,IN
Cercle des Premiers Peuples ,Boa mobilier ext�rieur,0,IN
Cercle des Premiers Peuples ,Cache-pot macram�,0,IN
Cercle des Premiers Peuples ,"Canacadre - sur pied � 2 mats, 27x39 base ellipse",0,IN
Cercle des Premiers Peuples ,Canacadre - petit de table,0,IN
Cercle des Premiers Peuples ,Canacadre - 4 fen�tres,0,IN
Cercle des Premiers Peuples ,Canacadre - 6 fen�tres,1,IN
Cercle des Premiers Peuples ,Chaise Adirondack - jaune,0,IN
Cercle des Premiers Peuples ,Chaise Adirondack - rouge,0,IN
Cercle des Premiers Peuples ,Chaise Adirondack - grise,0,IN
Cercle des Premiers Peuples ,Chaise Adirondack - bois (en stock),0,IN
Cercle des Premiers Peuples ,Chaise longue - Nap et Up,0,IN
Cercle des Premiers Peuples ,Chaise longue rouge ,0,IN
Cercle des Premiers Peuples ,Concass� ,0,IN
Cercle des Premiers Peuples ,Coussin,0,IN
Cercle des Premiers Peuples ,Crochet pour plante - noir,0,IN
Cercle des Premiers Peuples ,Foyers propane ,0,IN
Cercle des Premiers Peuples ,Guirlande de lumi�res �lectriques ,0,IN
Cercle des Premiers Peuples ,Hamac - suspendu,0,IN
Cercle des Premiers Peuples ,Hamac - assis,0,IN
Cercle des Premiers Peuples ,Hamac - couch� ,0,IN
Cercle des Premiers Peuples ,Jardini�re,0,IN
Cercle des Premiers Peuples ,Lampe,0,IN
Cercle des Premiers Peuples ,Murale,1,IN
Cercle des Premiers Peuples ,Plante artificielle - petite (Folia),0,IN
Cercle des Premiers Peuples ,Plante artificielle - grande,0,IN
Cercle des Premiers Peuples ,Plante naturelle - bac gris horizontal ,0,IN
Cercle des Premiers Peuples ,Plante naturelle - bac noir horizontal ,0,IN
Cercle des Premiers Peuples ,Plante naturelle - petite,0,IN
Cercle des Premiers Peuples ,Plante naturelle - grande,0,IN
Cercle des Premiers Peuples ,Pot twist grand - blanc,0,IN
Cercle des Premiers Peuples ,Pot twist grand - or,0,IN
Cercle des Premiers Peuples ,Pot twist grand - vert,0,IN
Cercle des Premiers Peuples ,Pot twist moyen - rouge,0,IN
Cercle des Premiers Peuples ,Pot twist moyen - orange ,0,IN
Cercle des Premiers Peuples ,Pot twist moyen - or ,0,IN
Cercle des Premiers Peuples ,Pot twist petit- rouge,0,IN
Cercle des Premiers Peuples ,Pot twist petit- or,0,IN
Cercle des Premiers Peuples ,Pot moyen rouge rond ,0,IN
Cercle des Premiers Peuples ,Pot moyen bland rond ,0,IN
Cercle des Premiers Peuples ,Pot moyen noir carr� ,0,IN
Cercle des Premiers Peuples ,Pot moyen rouge carr� ,0,IN
Cercle des Premiers Peuples ,Pot moyen gris carr� ,0,IN
Cercle des Premiers Peuples ,Support � plante,0,IN
Cercle des Premiers Peuples ,Table � pique-nique,0,IN
Cercle des Premiers Peuples ,Table de travail r�tractable ,0,IN
Cercle des Premiers Peuples ,Table de travail et banc rouge ,0,IN
Cercle des Premiers Peuples ,Tableau � craie sandwich,0,IN
Cercle des Premiers Peuples ,Tapis gazon- 13 pieds ,0,IN
Cercle des Premiers Peuples ,Tapis gazon- 10 pieds,0,IN
Cercle des Premiers Peuples ,Tapis gazon- 8 pieds ,0,IN
Cercle des Premiers Peuples ,Tapis � bottes - petit,0,IN
Cercle des Premiers Peuples ,Tapis � bottes - grand,0,IN
Cercle des Premiers Peuples ,V�lo stationnaire,0,IN
Cercle des Premiers Peuples ,Bean bag orange adulte tr�s sale,0,IN
Architecture Vieux S�minaire ,Bac sur roulettes Costco,0,IN
Architecture Vieux S�minaire ,Banc tabouret rouge,0,IN
Architecture Vieux S�minaire ,Base hamac couch� ,0,IN
Architecture Vieux S�minaire ,Base hamac suspendu ,0,IN
Architecture Vieux S�minaire ,Base hamac rond (ne pas utiliser) ,0,IN
Architecture Vieux S�minaire ,Beach flag,0,IN
Architecture Vieux S�minaire ,Beach flag 6' ,0,IN
Architecture Vieux S�minaire ,Bean bag - chili,1,IN
Architecture Vieux S�minaire ,Bean bag - tangerine,0,IN
Architecture Vieux S�minaire ,Bean bag - charbon,1,IN
Architecture Vieux S�minaire ,Bean bag - onyx,0,IN
Architecture Vieux S�minaire ,Bean bag - bor�al,0,IN
Architecture Vieux S�minaire ,Bean bag (cadet) - chili,0,IN
Architecture Vieux S�minaire ,Bean bag (cadet)- tangerine,0,IN
Architecture Vieux S�minaire ,Bean bag (cadet) - charbon,0,IN
Architecture Vieux S�minaire ,Bean bag (cadet) - onyx,0,IN
Architecture Vieux S�minaire ,Bean bag (cadet) - bor�al,0,IN
Architecture Vieux S�minaire ,Bloc de bois,0,IN
Architecture Vieux S�minaire ,Boa mobilier ext�rieur,0,IN
Architecture Vieux S�minaire ,Cache-pot macram�,0,IN
Architecture Vieux S�minaire ,"Canacadre - sur pied � 2 mats, 27x39 base ellipse",0,IN
Architecture Vieux S�minaire ,Canacadre - petit de table,0,IN
Architecture Vieux S�minaire ,Canacadre - 4 fen�tres,0,IN
Architecture Vieux S�minaire ,Canacadre - 6 fen�tres,0,IN
Architecture Vieux S�minaire ,Chaise Adirondack - jaune,0,IN
Architecture Vieux S�minaire ,Chaise Adirondack - rouge,2,IN
Architecture Vieux S�minaire ,Chaise Adirondack - grise,1,IN
Architecture Vieux S�minaire ,Chaise Adirondack - bois (en stock),0,IN
Architecture Vieux S�minaire ,Chaise longue - Nap et Up,0,IN
Architecture Vieux S�minaire ,Chaise longue rouge ,0,IN
Architecture Vieux S�minaire ,Concass� ,0,IN
Architecture Vieux S�minaire ,Coussin,0,IN
Architecture Vieux S�minaire ,Crochet pour plante - noir,0,IN
Architecture Vieux S�minaire ,Foyers propane ,0,IN
Architecture Vieux S�minaire ,Guirlande de lumi�res �lectriques ,0,IN
Architecture Vieux S�minaire ,Hamac - suspendu,0,IN
Architecture Vieux S�minaire ,Hamac - assis,1,IN
Architecture Vieux S�minaire ,Hamac - couch� ,0,IN
Architecture Vieux S�minaire ,Jardini�re,0,IN
Architecture Vieux S�minaire ,Lampe,0,IN
Architecture Vieux S�minaire ,Murale,0,IN
Architecture Vieux S�minaire ,Plante artificielle - petite (Folia),0,IN
Architecture Vieux S�minaire ,Plante artificielle - grande,0,IN
Architecture Vieux S�minaire ,Plante naturelle - bac gris horizontal ,0,IN
Architecture Vieux S�minaire ,Plante naturelle - bac noir horizontal ,0,IN
Architecture Vieux S�minaire ,Plante naturelle - petite,0,IN
Architecture Vieux S�minaire ,Plante naturelle - grande,0,IN
Architecture Vieux S�minaire ,Pot twist grand - blanc,0,IN
Architecture Vieux S�minaire ,Pot twist grand - or,0,IN
Architecture Vieux S�minaire ,Pot twist grand - vert,0,IN
Architecture Vieux S�minaire ,Pot twist moyen - rouge,0,IN
Architecture Vieux S�minaire ,Pot twist moyen - orange ,0,IN
Architecture Vieux S�minaire ,Pot twist moyen - or ,0,IN
Architecture Vieux S�minaire ,Pot twist petit- rouge,0,IN
Architecture Vieux S�minaire ,Pot twist petit- or,0,IN
Architecture Vieux S�minaire ,Pot moyen rouge rond ,0,IN
Architecture Vieux S�minaire ,Pot moyen bland rond ,0,IN
Architecture Vieux S�minaire ,Pot moyen noir carr� ,0,IN
Architecture Vieux S�minaire ,Pot moyen rouge carr� ,0,IN
Architecture Vieux S�minaire ,Pot moyen gris carr� ,0,IN
Architecture Vieux S�minaire ,Support � plante,0,IN
Architecture Vieux S�minaire ,Table � pique-nique,0,IN
Architecture Vieux S�minaire ,Table de travail r�tractable ,0,IN
Architecture Vieux S�minaire ,Table de travail et banc rouge ,0,IN
Architecture Vieux S�minaire ,Tableau � craie sandwich,0,IN
Architecture Vieux S�minaire ,Tapis gazon- 13 pieds ,0,IN
Architecture Vieux S�minaire ,Tapis gazon- 10 pieds,1,IN
Architecture Vieux S�minaire ,Tapis gazon- 8 pieds ,0,IN
Architecture Vieux S�minaire ,Tapis � bottes - petit,1,IN
Architecture Vieux S�minaire ,Tapis � bottes - grand,0,IN
Architecture Vieux S�minaire ,V�lo stationnaire,0,IN
Architecture Vieux S�minaire ,Bean bag orange adulte tr�s sale,0,IN
COPL - Vachon (quantit�),Bac sur roulettes Costco,0,IN
COPL - Vachon (quantit�),Banc tabouret rouge,0,IN
COPL - Vachon (quantit�),Base hamac couch� ,0,IN
COPL - Vachon (quantit�),Base hamac suspendu ,1,IN
COPL - Vachon (quantit�),Base hamac rond (ne pas utiliser) ,0,IN
COPL - Vachon (quantit�),Beach flag,0,IN
COPL - Vachon (quantit�),Beach flag 6' ,0,IN
COPL - Vachon (quantit�),Bean bag - chili,0,IN
COPL - Vachon (quantit�),Bean bag - tangerine,1,IN
COPL - Vachon (quantit�),Bean bag - charbon,1,IN
COPL - Vachon (quantit�),Bean bag - onyx,0,IN
COPL - Vachon (quantit�),Bean bag - bor�al,0,IN
COPL - Vachon (quantit�),Bean bag (cadet) - chili,0,IN
COPL - Vachon (quantit�),Bean bag (cadet)- tangerine,0,IN
COPL - Vachon (quantit�),Bean bag (cadet) - charbon,0,IN
COPL - Vachon (quantit�),Bean bag (cadet) - onyx,0,IN
COPL - Vachon (quantit�),Bean bag (cadet) - bor�al,0,IN
COPL - Vachon (quantit�),Bloc de bois,0,IN
COPL - Vachon (quantit�),Boa mobilier ext�rieur,0,IN
COPL - Vachon (quantit�),Cache-pot macram�,0,IN
COPL - Vachon (quantit�),"Canacadre - sur pied � 2 mats, 27x39 base ellipse",0,IN
COPL - Vachon (quantit�),Canacadre - petit de table,0,IN
COPL - Vachon (quantit�),Canacadre - 4 fen�tres,1,IN
COPL - Vachon (quantit�),Canacadre - 6 fen�tres,0,IN
COPL - Vachon (quantit�),Chaise Adirondack - jaune,0,IN
COPL - Vachon (quantit�),Chaise Adirondack - rouge,2,IN
COPL - Vachon (quantit�),Chaise Adirondack - grise,1,IN
COPL - Vachon (quantit�),Chaise Adirondack - bois (en stock),0,IN
COPL - Vachon (quantit�),Chaise longue - Nap et Up,0,IN
COPL - Vachon (quantit�),Chaise longue rouge ,0,IN
COPL - Vachon (quantit�),Concass� ,0,IN
COPL - Vachon (quantit�),Coussin,0,IN
COPL - Vachon (quantit�),Crochet pour plante - noir,0,IN
COPL - Vachon (quantit�),Foyers propane ,0,IN
COPL - Vachon (quantit�),Guirlande de lumi�res �lectriques ,0,IN
COPL - Vachon (quantit�),Hamac - suspendu,1,IN
COPL - Vachon (quantit�),Hamac - assis,0,IN
COPL - Vachon (quantit�),Hamac - couch� ,0,IN
COPL - Vachon (quantit�),Jardini�re,0,IN
COPL - Vachon (quantit�),Lampe,0,IN
COPL - Vachon (quantit�),Murale,0,IN
COPL - Vachon (quantit�),Plante artificielle - petite (Folia),0,IN
COPL - Vachon (quantit�),Plante artificielle - grande,0,IN
COPL - Vachon (quantit�),Plante naturelle - bac gris horizontal ,0,IN
COPL - Vachon (quantit�),Plante naturelle - bac noir horizontal ,0,IN
COPL - Vachon (quantit�),Plante naturelle - petite,0,IN
COPL - Vachon (quantit�),Plante naturelle - grande,0,IN
COPL - Vachon (quantit�),Pot twist grand - blanc,0,IN
COPL - Vachon (quantit�),Pot twist grand - or,0,IN
COPL - Vachon (quantit�),Pot twist grand - vert,0,IN
COPL - Vachon (quantit�),Pot twist moyen - rouge,0,IN
COPL - Vachon (quantit�),Pot twist moyen - orange ,0,IN
COPL - Vachon (quantit�),Pot twist moyen - or ,0,IN
COPL - Vachon (quantit�),Pot twist petit- rouge,0,IN
COPL - Vachon (quantit�),Pot twist petit- or,0,IN
COPL - Vachon (quantit�),Pot moyen rouge rond ,0,IN
COPL - Vachon (quantit�),Pot moyen bland rond ,0,IN
COPL - Vachon (quantit�),Pot moyen noir carr� ,0,IN
COPL - Vachon (quantit�),Pot moyen rouge carr� ,0,IN
COPL - Vachon (quantit�),Pot moyen gris carr� ,0,IN
COPL - Vachon (quantit�),Support � plante,0,IN
COPL - Vachon (quantit�),Table � pique-nique,0,IN
COPL - Vachon (quantit�),Table de travail r�tractable ,0,IN
COPL - Vachon (quantit�),Table de travail et banc rouge ,0,IN
COPL - Vachon (quantit�),Tableau � craie sandwich,0,IN
COPL - Vachon (quantit�),Tapis gazon- 13 pieds ,0,IN
COPL - Vachon (quantit�),Tapis gazon- 10 pieds,0,IN
COPL - Vachon (quantit�),Tapis gazon- 8 pieds ,0,IN
COPL - Vachon (quantit�),Tapis � bottes - petit,1,IN
COPL - Vachon (quantit�),Tapis � bottes - grand,0,IN
COPL - Vachon (quantit�),V�lo stationnaire,0,IN
COPL - Vachon (quantit�),Bean bag orange adulte tr�s sale,0,IN
